-- phpMyAdmin SQL Dump
-- version 4.7.4
-- https://www.phpmyadmin.net/
--
-- Hôte : 127.0.0.1:3306
-- Généré le :  sam. 07 juil. 2018 à 12:38
-- Version du serveur :  5.7.19
-- Version de PHP :  5.6.31

SET SQL_MODE = "NO_AUTO_VALUE_ON_ZERO";
SET AUTOCOMMIT = 0;
START TRANSACTION;
SET time_zone = "+00:00";


/*!40101 SET @OLD_CHARACTER_SET_CLIENT=@@CHARACTER_SET_CLIENT */;
/*!40101 SET @OLD_CHARACTER_SET_RESULTS=@@CHARACTER_SET_RESULTS */;
/*!40101 SET @OLD_COLLATION_CONNECTION=@@COLLATION_CONNECTION */;
/*!40101 SET NAMES utf8mb4 */;

--
-- Base de données :  `vignes`
--

-- --------------------------------------------------------

--
-- Structure de la table `auth_group`
--

DROP TABLE IF EXISTS `auth_group`;
CREATE TABLE IF NOT EXISTS `auth_group` (
  `id` int(11) NOT NULL AUTO_INCREMENT,
  `name` varchar(80) NOT NULL,
  PRIMARY KEY (`id`),
  UNIQUE KEY `name` (`name`)
) ENGINE=MyISAM DEFAULT CHARSET=utf8;

-- --------------------------------------------------------

--
-- Structure de la table `auth_group_permissions`
--

DROP TABLE IF EXISTS `auth_group_permissions`;
CREATE TABLE IF NOT EXISTS `auth_group_permissions` (
  `id` int(11) NOT NULL AUTO_INCREMENT,
  `group_id` int(11) NOT NULL,
  `permission_id` int(11) NOT NULL,
  PRIMARY KEY (`id`),
  UNIQUE KEY `auth_group_permissions_group_id_permission_id_0cd325b0_uniq` (`group_id`,`permission_id`),
  KEY `auth_group_permissions_group_id_b120cbf9` (`group_id`),
  KEY `auth_group_permissions_permission_id_84c5c92e` (`permission_id`)
) ENGINE=MyISAM DEFAULT CHARSET=utf8;

-- --------------------------------------------------------

--
-- Structure de la table `auth_permission`
--

DROP TABLE IF EXISTS `auth_permission`;
CREATE TABLE IF NOT EXISTS `auth_permission` (
  `id` int(11) NOT NULL AUTO_INCREMENT,
  `name` varchar(255) NOT NULL,
  `content_type_id` int(11) NOT NULL,
  `codename` varchar(100) NOT NULL,
  PRIMARY KEY (`id`),
  UNIQUE KEY `auth_permission_content_type_id_codename_01ab375a_uniq` (`content_type_id`,`codename`),
  KEY `auth_permission_content_type_id_2f476e4b` (`content_type_id`)
) ENGINE=MyISAM AUTO_INCREMENT=67 DEFAULT CHARSET=utf8;

--
-- Déchargement des données de la table `auth_permission`
--

INSERT INTO `auth_permission` (`id`, `name`, `content_type_id`, `codename`) VALUES
(1, 'Can add log entry', 1, 'add_logentry'),
(2, 'Can change log entry', 1, 'change_logentry'),
(3, 'Can delete log entry', 1, 'delete_logentry'),
(4, 'Can add permission', 2, 'add_permission'),
(5, 'Can change permission', 2, 'change_permission'),
(6, 'Can delete permission', 2, 'delete_permission'),
(7, 'Can add group', 3, 'add_group'),
(8, 'Can change group', 3, 'change_group'),
(9, 'Can delete group', 3, 'delete_group'),
(10, 'Can add content type', 4, 'add_contenttype'),
(11, 'Can change content type', 4, 'change_contenttype'),
(12, 'Can delete content type', 4, 'delete_contenttype'),
(13, 'Can add session', 5, 'add_session'),
(14, 'Can change session', 5, 'change_session'),
(15, 'Can delete session', 5, 'delete_session'),
(16, 'Can add PayPal IPN', 6, 'add_paypalipn'),
(17, 'Can change PayPal IPN', 6, 'change_paypalipn'),
(18, 'Can delete PayPal IPN', 6, 'delete_paypalipn'),
(19, 'Can add acceuil card', 7, 'add_acceuilcard'),
(20, 'Can change acceuil card', 7, 'change_acceuilcard'),
(21, 'Can delete acceuil card', 7, 'delete_acceuilcard'),
(22, 'Can add card image', 8, 'add_cardimage'),
(23, 'Can change card image', 8, 'change_cardimage'),
(24, 'Can delete card image', 8, 'delete_cardimage'),
(25, 'Can add diver', 9, 'add_diver'),
(26, 'Can change diver', 9, 'change_diver'),
(27, 'Can delete diver', 9, 'delete_diver'),
(28, 'Can add boutique image', 10, 'add_boutiqueimage'),
(29, 'Can change boutique image', 10, 'change_boutiqueimage'),
(30, 'Can delete boutique image', 10, 'delete_boutiqueimage'),
(31, 'Can add categorie', 11, 'add_categorie'),
(32, 'Can change categorie', 11, 'change_categorie'),
(33, 'Can delete categorie', 11, 'delete_categorie'),
(34, 'Can add commande', 12, 'add_commande'),
(35, 'Can change commande', 12, 'change_commande'),
(36, 'Can delete commande', 12, 'delete_commande'),
(37, 'Can add contenu commande', 13, 'add_contenucommande'),
(38, 'Can change contenu commande', 13, 'change_contenucommande'),
(39, 'Can delete contenu commande', 13, 'delete_contenucommande'),
(40, 'Can add marque', 14, 'add_marque'),
(41, 'Can change marque', 14, 'change_marque'),
(42, 'Can delete marque', 14, 'delete_marque'),
(43, 'Can add produit', 15, 'add_produit'),
(44, 'Can change produit', 15, 'change_produit'),
(45, 'Can delete produit', 15, 'delete_produit'),
(46, 'Can add sous categorie', 16, 'add_souscategorie'),
(47, 'Can change sous categorie', 16, 'change_souscategorie'),
(48, 'Can delete sous categorie', 16, 'delete_souscategorie'),
(49, 'Can add types produit', 17, 'add_typesproduit'),
(50, 'Can change types produit', 17, 'change_typesproduit'),
(51, 'Can delete types produit', 17, 'delete_typesproduit'),
(52, 'Can add frais de port', 18, 'add_fraisdeport'),
(53, 'Can change frais de port', 18, 'change_fraisdeport'),
(54, 'Can delete frais de port', 18, 'delete_fraisdeport'),
(55, 'Can add user', 19, 'add_user'),
(56, 'Can change user', 19, 'change_user'),
(57, 'Can delete user', 19, 'delete_user'),
(58, 'Can add event', 20, 'add_event'),
(59, 'Can change event', 20, 'change_event'),
(60, 'Can delete event', 20, 'delete_event'),
(61, 'Can add event image', 21, 'add_eventimage'),
(62, 'Can change event image', 21, 'change_eventimage'),
(63, 'Can delete event image', 21, 'delete_eventimage'),
(64, 'Can add event type', 22, 'add_eventtype'),
(65, 'Can change event type', 22, 'change_eventtype'),
(66, 'Can delete event type', 22, 'delete_eventtype');

-- --------------------------------------------------------

--
-- Structure de la table `django_admin_log`
--

DROP TABLE IF EXISTS `django_admin_log`;
CREATE TABLE IF NOT EXISTS `django_admin_log` (
  `id` int(11) NOT NULL AUTO_INCREMENT,
  `action_time` datetime(6) NOT NULL,
  `object_id` longtext,
  `object_repr` varchar(200) NOT NULL,
  `action_flag` smallint(5) UNSIGNED NOT NULL,
  `change_message` longtext NOT NULL,
  `content_type_id` int(11) DEFAULT NULL,
  `user_id` int(11) NOT NULL,
  PRIMARY KEY (`id`),
  KEY `django_admin_log_content_type_id_c4bce8eb` (`content_type_id`),
  KEY `django_admin_log_user_id_c564eba6` (`user_id`)
) ENGINE=MyISAM AUTO_INCREMENT=162 DEFAULT CHARSET=utf8;

--
-- Déchargement des données de la table `django_admin_log`
--

INSERT INTO `django_admin_log` (`id`, `action_time`, `object_id`, `object_repr`, `action_flag`, `change_message`, `content_type_id`, `user_id`) VALUES
(1, '2018-07-04 16:04:48.000000', '1', 'test', 1, '[{\"added\": {}}, {\"added\": {\"name\": \"sous categorie\", \"object\": \"blu de test\"}}, {\"added\": {\"name\": \"sous categorie\", \"object\": \"bles de test\"}}]', 11, 1),
(2, '2018-07-04 16:04:58.000000', '1', 'test', 2, '[]', 11, 1),
(3, '2018-07-04 16:09:01.000000', '4', 'Cidre', 2, '[]', 11, 1),
(4, '2018-07-04 16:09:45.000000', '1', 'num_tel : test', 1, '[{\"added\": {}}]', 9, 1),
(5, '2018-07-04 16:28:47.000000', '644', 'alcool', 3, '', 17, 1),
(6, '2018-07-04 16:28:48.000000', '643', 'alcool', 3, '', 17, 1),
(7, '2018-07-04 16:28:48.000000', '642', 'alcool', 3, '', 17, 1),
(8, '2018-07-04 16:28:48.000000', '641', 'alcool', 3, '', 17, 1),
(9, '2018-07-04 16:28:49.000000', '640', 'alcool', 3, '', 17, 1),
(10, '2018-07-04 16:28:49.000000', '639', 'alcool', 3, '', 17, 1),
(11, '2018-07-04 16:28:50.000000', '638', 'alcool', 3, '', 17, 1),
(12, '2018-07-04 16:28:50.000000', '637', 'alcool', 3, '', 17, 1),
(13, '2018-07-04 16:28:50.000000', '636', 'alcool', 3, '', 17, 1),
(14, '2018-07-04 16:28:51.000000', '635', 'alcool', 3, '', 17, 1),
(15, '2018-07-04 16:28:51.000000', '634', 'alcool', 3, '', 17, 1),
(16, '2018-07-04 16:28:51.000000', '633', 'alcool', 3, '', 17, 1),
(17, '2018-07-04 16:28:51.000000', '632', 'alcool', 3, '', 17, 1),
(18, '2018-07-04 16:28:52.000000', '631', 'alcool', 3, '', 17, 1),
(19, '2018-07-04 16:28:52.000000', '630', 'alcool', 3, '', 17, 1),
(20, '2018-07-04 16:28:52.000000', '629', 'alcool', 3, '', 17, 1),
(21, '2018-07-04 16:28:52.000000', '628', 'alcool', 3, '', 17, 1),
(22, '2018-07-04 16:28:53.000000', '627', 'alcool', 3, '', 17, 1),
(23, '2018-07-04 16:28:53.000000', '626', 'alcool', 3, '', 17, 1),
(24, '2018-07-04 16:28:53.000000', '625', 'alcool', 3, '', 17, 1),
(25, '2018-07-04 16:28:54.000000', '624', 'alcool', 3, '', 17, 1),
(26, '2018-07-04 16:28:54.000000', '623', 'alcool', 3, '', 17, 1),
(27, '2018-07-04 16:28:54.000000', '622', 'alcool', 3, '', 17, 1),
(28, '2018-07-04 16:28:54.000000', '621', 'alcool', 3, '', 17, 1),
(29, '2018-07-04 16:28:55.000000', '620', 'alcool', 3, '', 17, 1),
(30, '2018-07-04 16:28:55.000000', '619', 'alcool', 3, '', 17, 1),
(31, '2018-07-04 16:28:55.000000', '618', 'alcool', 3, '', 17, 1),
(32, '2018-07-04 16:28:56.000000', '617', 'alcool', 3, '', 17, 1),
(33, '2018-07-04 16:28:56.000000', '616', 'alcool', 3, '', 17, 1),
(34, '2018-07-04 16:28:56.000000', '615', 'alcool', 3, '', 17, 1),
(35, '2018-07-04 16:28:57.000000', '614', 'alcool', 3, '', 17, 1),
(36, '2018-07-04 16:28:57.000000', '613', 'alcool', 3, '', 17, 1),
(37, '2018-07-04 16:28:57.000000', '611', 'alcool', 3, '', 17, 1),
(38, '2018-07-04 16:28:57.000000', '610', 'alcool', 3, '', 17, 1),
(39, '2018-07-04 16:28:58.000000', '609', 'alcool', 3, '', 17, 1),
(40, '2018-07-04 16:28:58.000000', '608', 'alcool', 3, '', 17, 1),
(41, '2018-07-04 16:28:58.000000', '607', 'alcool', 3, '', 17, 1),
(42, '2018-07-04 16:28:59.000000', '606', 'alcool', 3, '', 17, 1),
(43, '2018-07-04 16:28:59.000000', '605', 'alcool', 3, '', 17, 1),
(44, '2018-07-04 16:28:59.000000', '604', 'alcool', 3, '', 17, 1),
(45, '2018-07-04 16:29:00.000000', '603', 'alcool', 3, '', 17, 1),
(46, '2018-07-04 16:29:00.000000', '602', 'alcool', 3, '', 17, 1),
(47, '2018-07-04 16:29:00.000000', '601', 'alcool', 3, '', 17, 1),
(48, '2018-07-04 16:29:01.000000', '600', 'alcool', 3, '', 17, 1),
(49, '2018-07-04 16:29:01.000000', '599', 'alcool', 3, '', 17, 1),
(50, '2018-07-04 16:29:01.000000', '514', 'alcool', 3, '', 17, 1),
(51, '2018-07-04 16:29:01.000000', '513', 'alcool', 3, '', 17, 1),
(52, '2018-07-04 16:29:01.000000', '512', 'alcool', 3, '', 17, 1),
(53, '2018-07-04 16:29:01.000000', '511', 'alcool', 3, '', 17, 1),
(54, '2018-07-04 16:29:01.000000', '510', 'alcool', 3, '', 17, 1),
(55, '2018-07-04 16:29:02.000000', '509', 'alcool', 3, '', 17, 1),
(56, '2018-07-04 16:29:02.000000', '508', 'alcool', 3, '', 17, 1),
(57, '2018-07-04 16:29:02.000000', '507', 'alcool', 3, '', 17, 1),
(58, '2018-07-04 16:29:02.000000', '506', 'alcool', 3, '', 17, 1),
(59, '2018-07-04 16:29:02.000000', '505', 'alcool', 3, '', 17, 1),
(60, '2018-07-04 16:29:02.000000', '504', 'alcool', 3, '', 17, 1),
(61, '2018-07-04 16:29:02.000000', '503', 'alcool', 3, '', 17, 1),
(62, '2018-07-04 16:29:02.000000', '502', 'alcool', 3, '', 17, 1),
(63, '2018-07-04 16:29:02.000000', '501', 'alcool', 3, '', 17, 1),
(64, '2018-07-04 16:29:03.000000', '500', 'alcool', 3, '', 17, 1),
(65, '2018-07-04 16:29:03.000000', '499', 'alcool', 3, '', 17, 1),
(66, '2018-07-04 16:29:03.000000', '498', 'alcool', 3, '', 17, 1),
(67, '2018-07-04 16:29:03.000000', '497', 'alcool', 3, '', 17, 1),
(68, '2018-07-04 16:29:03.000000', '496', 'alcool', 3, '', 17, 1),
(69, '2018-07-04 16:29:03.000000', '495', 'alcool', 3, '', 17, 1),
(70, '2018-07-04 16:29:03.000000', '494', 'alcool', 3, '', 17, 1),
(71, '2018-07-04 16:29:03.000000', '493', 'alcool', 3, '', 17, 1),
(72, '2018-07-04 16:29:03.000000', '492', 'alcool', 3, '', 17, 1),
(73, '2018-07-04 16:29:03.000000', '491', 'alcool', 3, '', 17, 1),
(74, '2018-07-04 16:29:04.000000', '490', 'alcool', 3, '', 17, 1),
(75, '2018-07-04 16:29:04.000000', '489', 'alcool', 3, '', 17, 1),
(76, '2018-07-04 16:29:04.000000', '488', 'alcool', 3, '', 17, 1),
(77, '2018-07-04 16:29:04.000000', '487', 'alcool', 3, '', 17, 1),
(78, '2018-07-04 16:29:04.000000', '486', 'alcool', 3, '', 17, 1),
(79, '2018-07-04 16:29:04.000000', '485', 'alcool', 3, '', 17, 1),
(80, '2018-07-04 16:29:04.000000', '484', 'alcool', 3, '', 17, 1),
(81, '2018-07-04 16:29:04.000000', '483', 'alcool', 3, '', 17, 1),
(82, '2018-07-04 16:29:04.000000', '482', 'alcool', 3, '', 17, 1),
(83, '2018-07-04 16:29:05.000000', '481', 'alcool', 3, '', 17, 1),
(84, '2018-07-04 16:29:05.000000', '480', 'alcool', 3, '', 17, 1),
(85, '2018-07-04 16:29:05.000000', '479', 'alcool', 3, '', 17, 1),
(86, '2018-07-04 16:29:05.000000', '478', 'alcool', 3, '', 17, 1),
(87, '2018-07-04 16:29:05.000000', '477', 'alcool', 3, '', 17, 1),
(88, '2018-07-04 16:29:05.000000', '476', 'alcool', 3, '', 17, 1),
(89, '2018-07-04 16:29:05.000000', '475', 'alcool', 3, '', 17, 1),
(90, '2018-07-04 16:29:05.000000', '474', 'alcool', 3, '', 17, 1),
(91, '2018-07-04 16:29:05.000000', '473', 'alcool', 3, '', 17, 1),
(92, '2018-07-04 16:29:05.000000', '472', 'alcool', 3, '', 17, 1),
(93, '2018-07-04 16:29:06.000000', '471', 'alcool', 3, '', 17, 1),
(94, '2018-07-04 16:29:06.000000', '470', 'alcool', 3, '', 17, 1),
(95, '2018-07-04 16:29:06.000000', '469', 'alcool', 3, '', 17, 1),
(96, '2018-07-04 16:29:06.000000', '468', 'alcool', 3, '', 17, 1),
(97, '2018-07-04 16:29:06.000000', '467', 'alcool', 3, '', 17, 1),
(98, '2018-07-04 16:29:06.000000', '466', 'alcool', 3, '', 17, 1),
(99, '2018-07-04 16:29:06.000000', '465', 'alcool', 3, '', 17, 1),
(100, '2018-07-04 16:29:06.000000', '464', 'alcool', 3, '', 17, 1),
(101, '2018-07-04 16:29:07.000000', '463', 'alcool', 3, '', 17, 1),
(102, '2018-07-04 16:29:07.000000', '462', 'alcool', 3, '', 17, 1),
(103, '2018-07-04 16:29:07.000000', '461', 'alcool', 3, '', 17, 1),
(104, '2018-07-04 16:29:07.000000', '460', 'alcool', 3, '', 17, 1),
(105, '2018-07-04 16:54:48.000000', '17', 'ERROR', 1, '[{\"added\": {}}, {\"added\": {\"name\": \"sous categorie\", \"object\": \"ERROR_SOUS de ERROR\"}}]', 11, 1),
(106, '2018-07-05 14:45:18.000000', '300', 'Rhum Naga', 2, '[{\"changed\": {\"fields\": [\"categorie\", \"sous_categorie\"]}}]', 15, 1),
(107, '2018-07-05 14:45:52.000000', '285', 'Terrine De pintade aux girolles', 2, '[{\"changed\": {\"fields\": [\"categorie\", \"sous_categorie\"]}}]', 15, 1),
(108, '2018-07-05 14:49:33.000000', '1', 'entre 0.0 et 0.99 : 7.5 €', 1, '[{\"added\": {}}]', 18, 1),
(109, '2018-07-05 14:49:42.000000', '2', 'entre 1.0 et 1.99 : 8.5 €', 1, '[{\"added\": {}}]', 18, 1),
(110, '2018-07-05 14:49:54.000000', '3', 'entre 2.0 et 4.99 : 12.9 €', 1, '[{\"added\": {}}]', 18, 1),
(111, '2018-07-05 14:50:21.000000', '4', 'entre 5.0 et 9.99 : 18.9 €', 1, '[{\"added\": {}}]', 18, 1),
(112, '2018-07-05 14:50:45.000000', '5', 'entre 10.0 et 300.0 : 26.9 €', 1, '[{\"added\": {}}]', 18, 1),
(113, '2018-07-05 14:57:56.000000', '3', 'Commande n°3 de ', 3, '', 12, 1),
(114, '2018-07-05 14:59:43.000000', '333', 'Roussanne Blanc', 2, '[{\"changed\": {\"fields\": [\"sous_categorie\"]}}]', 15, 1),
(115, '2018-07-05 14:59:51.000000', '134', 'Saint-Véran', 2, '[{\"changed\": {\"fields\": [\"sous_categorie\"]}}]', 15, 1),
(116, '2018-07-05 15:01:35.000000', '3', 'Vin', 2, '[{\"added\": {\"name\": \"sous categorie\", \"object\": \"Sud-ouest\"}}]', 11, 1),
(117, '2018-07-05 15:01:48.000000', '102', 'Domaine Les barthes 2015', 2, '[{\"changed\": {\"fields\": [\"sous_categorie\"]}}]', 15, 1),
(118, '2018-07-05 15:02:31.000000', '4', 'Cidre', 2, '[{\"added\": {\"name\": \"sous categorie\", \"object\": \"artisanal\"}}]', 11, 1),
(119, '2018-07-05 15:02:36.000000', '13', 'Cidre coat-Albret brut', 2, '[{\"changed\": {\"fields\": [\"sous_categorie\"]}}]', 15, 1),
(120, '2018-07-05 15:03:03.000000', '49', 'Pack Bière philomenn', 2, '[{\"changed\": {\"fields\": [\"nom\", \"sous_categorie\"]}}]', 15, 1),
(121, '2018-07-05 15:03:20.000000', '33', 'Bière Sainte colombe dorée', 3, '', 15, 1),
(122, '2018-07-05 15:12:25.000000', '1', 'num_tel : test', 2, '[]', 9, 1),
(123, '2018-07-05 17:26:12.000000', '1', 'default', 1, '[{\"added\": {}}]', 22, 1),
(124, '2018-07-05 17:40:33.000000', '25', 'Dégustation de bières artisanales brasserie du ton à Laillé', 3, '', 20, 1),
(125, '2018-07-05 17:40:33.000000', '24', 'Dégustation de rhums-Et whiskys chateau d\\\'apigné à le Rheu', 3, '', 20, 1),
(126, '2018-07-05 17:40:33.000000', '23', 'Salon de la bières rennes 2018 à Rennes', 3, '', 20, 1),
(127, '2018-07-05 17:40:34.000000', '22', 'Salon de la bières artisanale saint-Malo à Saint-Malo', 3, '', 20, 1),
(128, '2018-07-05 17:40:34.000000', '21', 'Salon vignocaves rennes 2018 à Rennes', 3, '', 20, 1),
(129, '2018-07-05 17:40:34.000000', '20', 'Le salon des vins de loire 2018 à Angers', 3, '', 20, 1),
(130, '2018-07-05 17:40:34.000000', '19', 'Salon des vignerons indépendants rennes à Rennes', 3, '', 20, 1),
(131, '2018-07-05 17:40:34.000000', '18', 'Salon des vignerons indépendants rennes à Rennes', 3, '', 20, 1),
(132, '2018-07-05 17:40:34.000000', '17', 'Salon des vignerons indépendants rennes à Rennes', 3, '', 20, 1),
(133, '2018-07-05 17:40:34.000000', '16', 'Salon des vignerons indépendants rennes à Rennes', 3, '', 20, 1),
(134, '2018-07-05 17:40:34.000000', '15', 'Salon des vignerons indépendants rennes à Rennes', 3, '', 20, 1),
(135, '2018-07-05 17:40:35.000000', '14', 'Salon des vignerons indépendants rennes à Rennes', 3, '', 20, 1),
(136, '2018-07-05 17:40:35.000000', '13', 'Salon des vignerons indépendants rennes à Rennes', 3, '', 20, 1),
(137, '2018-07-05 17:40:35.000000', '12', 'Soirée domaine rety à Laillé', 3, '', 20, 1),
(138, '2018-07-05 17:40:35.000000', '10', 'Soirée champagnes jean despret à Laillé', 3, '', 20, 1),
(139, '2018-07-05 17:40:35.000000', '9', 'Rencontre avec monsieur rety  à Melesse', 3, '', 20, 1),
(140, '2018-07-05 17:40:35.000000', '8', 'Salon vignes et vilaine à Laillé', 3, '', 20, 1),
(141, '2018-07-05 17:40:35.000000', '7', 'Salon de paris à Paris', 3, '', 20, 1),
(142, '2018-07-05 17:40:35.000000', '6', 'Visite pichon longueville bordeaux à Bordeaux', 3, '', 20, 1),
(143, '2018-07-05 17:40:36.000000', '5', 'Soirée avec pascal pochon chocolatier st malo à Laillé', 3, '', 20, 1),
(144, '2018-07-05 17:40:36.000000', '4', 'Soirée avec guillaume joubin ancien sommelier de l à Laillé', 3, '', 20, 1),
(145, '2018-07-05 17:40:36.000000', '3', 'Du vin et des gourmandises à Laille', 3, '', 20, 1),
(146, '2018-07-05 17:40:36.000000', '2', 'Visite chateauneuf du pape à CHATEAUNEUF DU PAPE', 3, '', 20, 1),
(147, '2018-07-05 17:40:36.000000', '1', 'Soirée dégustation rhum avec chants marins à Laillé', 3, '', 20, 1),
(148, '2018-07-05 17:44:12.000000', '19', 'Salon des vignerons indépendants rennes à Rennes', 3, '', 20, 1),
(149, '2018-07-05 17:44:12.000000', '18', 'Salon des vignerons indépendants rennes à Rennes', 3, '', 20, 1),
(150, '2018-07-05 17:44:12.000000', '16', 'Salon des vignerons indépendants rennes à Rennes', 3, '', 20, 1),
(151, '2018-07-05 17:44:13.000000', '15', 'Salon des vignerons indépendants rennes à Rennes', 3, '', 20, 1),
(152, '2018-07-05 17:44:13.000000', '14', 'Salon des vignerons indépendants rennes à Rennes', 3, '', 20, 1),
(153, '2018-07-05 17:44:13.000000', '13', 'Salon des vignerons indépendants rennes à Rennes', 3, '', 20, 1),
(154, '2018-07-05 18:42:40.000000', '25', 'Dégustation de bières artisanales brasserie du ton à Laillé', 2, '[{\"added\": {\"name\": \"event image\", \"object\": \"uploads/event/Soiree-avec-Pascal-Pochon-Chocolatier-STMalo0_rWaKECZ.JPG de D\\u00e9gustation de bi\\u00e8res artisanales brasserie du ton\"}}]', 20, 1),
(155, '2018-07-06 12:20:44.000000', '1', 'épicerie fine', 2, '[{\"changed\": {\"fields\": [\"nom\"]}}]', 17, 1),
(156, '2018-07-06 12:38:26.000000', '0', 'alcool', 2, '[{\"changed\": {\"fields\": [\"categories\"]}}]', 17, 1),
(157, '2018-07-06 12:38:40.000000', '1', 'épicerie fine', 2, '[{\"changed\": {\"fields\": [\"categories\"]}}]', 17, 1),
(158, '2018-07-06 12:59:56.000000', '1', 'uploads/boutique/IMG_1659.JPG', 1, '[{\"added\": {}}]', 10, 1),
(159, '2018-07-06 13:01:01.000000', '2', 'uploads/boutique/ico-full_-79576.jpg', 1, '[{\"added\": {}}]', 10, 1),
(160, '2018-07-06 13:21:56.000000', '1', 'test', 1, '[{\"added\": {}}, {\"added\": {\"name\": \"card image\", \"object\": \"uploads/panier_image/IMG_0359_5j2h8Yn.JPG de test\"}}, {\"added\": {\"name\": \"card image\", \"object\": \"uploads/panier_image/IMG_0545_hd7fv4u.JPG de test\"}}]', 7, 1),
(161, '2018-07-06 13:22:07.000000', '2', 'test2', 1, '[{\"added\": {}}, {\"added\": {\"name\": \"card image\", \"object\": \"uploads/panier_image/IMG_0926_EElmu00.JPG de test2\"}}]', 7, 1);

-- --------------------------------------------------------

--
-- Structure de la table `django_content_type`
--

DROP TABLE IF EXISTS `django_content_type`;
CREATE TABLE IF NOT EXISTS `django_content_type` (
  `id` int(11) NOT NULL AUTO_INCREMENT,
  `app_label` varchar(100) NOT NULL,
  `model` varchar(100) NOT NULL,
  PRIMARY KEY (`id`),
  UNIQUE KEY `django_content_type_app_label_model_76bd3d3b_uniq` (`app_label`,`model`)
) ENGINE=MyISAM AUTO_INCREMENT=23 DEFAULT CHARSET=utf8;

--
-- Déchargement des données de la table `django_content_type`
--

INSERT INTO `django_content_type` (`id`, `app_label`, `model`) VALUES
(1, 'admin', 'logentry'),
(2, 'auth', 'permission'),
(3, 'auth', 'group'),
(4, 'contenttypes', 'contenttype'),
(5, 'sessions', 'session'),
(6, 'ipn', 'paypalipn'),
(7, 'website', 'acceuilcard'),
(8, 'website', 'cardimage'),
(9, 'website', 'diver'),
(10, 'website', 'boutiqueimage'),
(11, 'magasin', 'categorie'),
(12, 'magasin', 'commande'),
(13, 'magasin', 'contenucommande'),
(14, 'magasin', 'marque'),
(15, 'magasin', 'produit'),
(16, 'magasin', 'souscategorie'),
(17, 'magasin', 'typesproduit'),
(18, 'magasin', 'fraisdeport'),
(19, 'user', 'user'),
(20, 'event', 'event'),
(21, 'event', 'eventimage'),
(22, 'event', 'eventtype');

-- --------------------------------------------------------

--
-- Structure de la table `django_migrations`
--

DROP TABLE IF EXISTS `django_migrations`;
CREATE TABLE IF NOT EXISTS `django_migrations` (
  `id` int(11) NOT NULL AUTO_INCREMENT,
  `app` varchar(255) NOT NULL,
  `name` varchar(255) NOT NULL,
  `applied` datetime(6) NOT NULL,
  PRIMARY KEY (`id`)
) ENGINE=MyISAM AUTO_INCREMENT=48 DEFAULT CHARSET=utf8;

--
-- Déchargement des données de la table `django_migrations`
--

INSERT INTO `django_migrations` (`id`, `app`, `name`, `applied`) VALUES
(1, 'contenttypes', '0001_initial', '2018-07-07 12:08:23.439176'),
(2, 'contenttypes', '0002_remove_content_type_name', '2018-07-07 12:08:23.481085'),
(3, 'auth', '0001_initial', '2018-07-07 12:08:23.769823'),
(4, 'auth', '0002_alter_permission_name_max_length', '2018-07-07 12:08:23.796725'),
(5, 'auth', '0003_alter_user_email_max_length', '2018-07-07 12:08:23.801711'),
(6, 'auth', '0004_alter_user_username_opts', '2018-07-07 12:08:23.806698'),
(7, 'auth', '0005_alter_user_last_login_null', '2018-07-07 12:08:23.811684'),
(8, 'auth', '0006_require_contenttypes_0002', '2018-07-07 12:08:23.813707'),
(9, 'auth', '0007_alter_validators_add_error_messages', '2018-07-07 12:08:23.818666'),
(10, 'auth', '0008_alter_user_username_max_length', '2018-07-07 12:08:23.822654'),
(11, 'auth', '0009_alter_user_last_name_max_length', '2018-07-07 12:08:23.827642'),
(12, 'user', '0001_initial', '2018-07-07 12:08:24.186808'),
(13, 'admin', '0001_initial', '2018-07-07 12:08:24.299012'),
(14, 'admin', '0002_logentry_remove_auto_add', '2018-07-07 12:08:24.305994'),
(15, 'event', '0001_initial', '2018-07-07 12:08:24.453599'),
(16, 'event', '0002_auto_20180703_1725', '2018-07-07 12:08:24.457590'),
(17, 'ipn', '0001_initial', '2018-07-07 12:08:24.553332'),
(18, 'ipn', '0002_paypalipn_mp_id', '2018-07-07 12:08:24.590234'),
(19, 'ipn', '0003_auto_20141117_1647', '2018-07-07 12:08:24.643092'),
(20, 'ipn', '0004_auto_20150612_1826', '2018-07-07 12:08:25.372440'),
(21, 'ipn', '0005_auto_20151217_0948', '2018-07-07 12:08:25.426296'),
(22, 'ipn', '0006_auto_20160108_1112', '2018-07-07 12:08:25.503091'),
(23, 'ipn', '0007_auto_20160219_1135', '2018-07-07 12:08:25.515059'),
(24, 'magasin', '0001_initial', '2018-07-07 12:08:26.187170'),
(25, 'magasin', '0002_auto_20180626_1438', '2018-07-07 12:08:26.210209'),
(26, 'magasin', '0003_auto_20180626_1438', '2018-07-07 12:08:26.229158'),
(27, 'magasin', '0004_auto_20180626_1446', '2018-07-07 12:08:26.263067'),
(28, 'magasin', '0005_auto_20180626_1600', '2018-07-07 12:08:26.272043'),
(29, 'magasin', '0006_auto_20180626_1601', '2018-07-07 12:08:26.290993'),
(30, 'magasin', '0007_auto_20180627_1036', '2018-07-07 12:08:26.314390'),
(31, 'magasin', '0008_auto_20180627_1105', '2018-07-07 12:08:26.411132'),
(32, 'magasin', '0009_auto_20180629_0923', '2018-07-07 12:08:26.456011'),
(33, 'magasin', '0010_auto_20180629_1203', '2018-07-07 12:08:26.465985'),
(34, 'magasin', '0011_auto_20180629_1205', '2018-07-07 12:08:26.474960'),
(35, 'magasin', '0012_auto_20180703_1725', '2018-07-07 12:08:26.484934'),
(36, 'magasin', '0013_auto_20180703_1732', '2018-07-07 12:08:26.492913'),
(37, 'magasin', '0014_auto_20180703_1851', '2018-07-07 12:08:26.502886'),
(38, 'magasin', '0015_auto_20180703_1854', '2018-07-07 12:08:26.511862'),
(39, 'magasin', '0016_auto_20180703_1903', '2018-07-07 12:08:26.522832'),
(40, 'magasin', '0017_auto_20180704_1802', '2018-07-07 12:08:26.609600'),
(41, 'magasin', '0018_auto_20180706_1435', '2018-07-07 12:08:26.921765'),
(42, 'magasin', '0019_auto_20180706_1758', '2018-07-07 12:08:26.934731'),
(43, 'sessions', '0001_initial', '2018-07-07 12:08:26.976618'),
(44, 'website', '0001_initial', '2018-07-07 12:08:27.056405'),
(45, 'website', '0002_remove_diver_data', '2018-07-07 12:08:27.076352'),
(46, 'website', '0003_diver_data', '2018-07-07 12:08:27.097296'),
(47, 'website', '0004_boutiqueimage', '2018-07-07 12:08:27.109263');

-- --------------------------------------------------------

--
-- Structure de la table `django_session`
--

DROP TABLE IF EXISTS `django_session`;
CREATE TABLE IF NOT EXISTS `django_session` (
  `session_key` varchar(40) NOT NULL,
  `session_data` longtext NOT NULL,
  `expire_date` datetime(6) NOT NULL,
  PRIMARY KEY (`session_key`),
  KEY `django_session_expire_date_a5c62663` (`expire_date`)
) ENGINE=MyISAM DEFAULT CHARSET=utf8;

--
-- Déchargement des données de la table `django_session`
--

INSERT INTO `django_session` (`session_key`, `session_data`, `expire_date`) VALUES
('6urek0p2t9upovwqszcttatpegpm7lyk', 'M2IxNTg4Y2RjNGQ2YTRhMjlhNTkxYjdhOGNjOTI0YmI1Njc0ODUxNDp7InJlc2V0X2ZpbHRlciI6dHJ1ZSwiZmlsdHJlX3NvdXNfY2F0X2lkIjpudWxsLCJmaWx0cmVfbWFycXVlX2lkIjpudWxsLCJmaWx0cmVfcHJpeCI6bnVsbH0=', '2018-07-20 13:17:18.000000'),
('tzfcatjskhlkmqjpmvydfnkkzlwordo4', 'MWZjYWMwNmJmMGU2MDZjMjQyOTVhZjU3NGJiN2Y5ZGFhY2YwMDg3Mzp7InByb2R1aXRzIjp7fSwidG90YWwiOjAsInJlc2V0X2ZpbHRlciI6dHJ1ZSwiZmlsdHJlX3NvdXNfY2F0X2lkIjpudWxsLCJmaWx0cmVfbWFycXVlX2lkIjpudWxsLCJmaWx0cmVfcHJpeCI6bnVsbCwiX2F1dGhfdXNlcl9pZCI6IjEiLCJfYXV0aF91c2VyX2JhY2tlbmQiOiJkamFuZ28uY29udHJpYi5hdXRoLmJhY2tlbmRzLk1vZGVsQmFja2VuZCIsIl9hdXRoX3VzZXJfaGFzaCI6IjMyMzk4MTdjYjlkMzVmYjEzZWE2YmY2MzVhM2I4N2VjNGQyNGJjYzAifQ==', '2018-07-20 17:00:11.000000'),
('lo2i2v5isy30z89qilwmng01kwtv6g8h', 'MjM2OGQwMzJiNmY2YjYzNWEyNDA4ZGUyNWNlOWQ3ZDQ2YjBiOWY0Mzp7Il9hdXRoX3VzZXJfaWQiOiIxIiwiX2F1dGhfdXNlcl9iYWNrZW5kIjoiZGphbmdvLmNvbnRyaWIuYXV0aC5iYWNrZW5kcy5Nb2RlbEJhY2tlbmQiLCJfYXV0aF91c2VyX2hhc2giOiIzMjM5ODE3Y2I5ZDM1ZmIxM2VhNmJmNjM1YTNiODdlYzRkMjRiY2MwIiwicmVzZXRfZmlsdGVyIjp0cnVlLCJmaWx0cmVfc291c19jYXRfaWQiOm51bGwsImZpbHRyZV9tYXJxdWVfaWQiOm51bGwsImZpbHRyZV9wcml4IjpudWxsLCJwcm9kdWl0cyI6e30sInRvdGFsIjowfQ==', '2018-07-21 11:55:20.000000'),
('5r6d5dqvdk8cg0eatpwnqm8bjihe68fn', 'MjM2OGQwMzJiNmY2YjYzNWEyNDA4ZGUyNWNlOWQ3ZDQ2YjBiOWY0Mzp7Il9hdXRoX3VzZXJfaWQiOiIxIiwiX2F1dGhfdXNlcl9iYWNrZW5kIjoiZGphbmdvLmNvbnRyaWIuYXV0aC5iYWNrZW5kcy5Nb2RlbEJhY2tlbmQiLCJfYXV0aF91c2VyX2hhc2giOiIzMjM5ODE3Y2I5ZDM1ZmIxM2VhNmJmNjM1YTNiODdlYzRkMjRiY2MwIiwicmVzZXRfZmlsdGVyIjp0cnVlLCJmaWx0cmVfc291c19jYXRfaWQiOm51bGwsImZpbHRyZV9tYXJxdWVfaWQiOm51bGwsImZpbHRyZV9wcml4IjpudWxsLCJwcm9kdWl0cyI6e30sInRvdGFsIjowfQ==', '2018-07-21 12:36:34.052638');

-- --------------------------------------------------------

--
-- Structure de la table `event_event`
--

DROP TABLE IF EXISTS `event_event`;
CREATE TABLE IF NOT EXISTS `event_event` (
  `id` int(11) NOT NULL AUTO_INCREMENT,
  `nom` varchar(200) NOT NULL,
  `description` longtext NOT NULL,
  `lieu` varchar(100) NOT NULL,
  `date` date NOT NULL,
  `heure` time(6) NOT NULL,
  `type_id` int(11) NOT NULL,
  PRIMARY KEY (`id`),
  KEY `event_event_type_id_1001309a` (`type_id`)
) ENGINE=MyISAM AUTO_INCREMENT=26 DEFAULT CHARSET=utf8;

--
-- Déchargement des données de la table `event_event`
--

INSERT INTO `event_event` (`id`, `nom`, `description`, `lieu`, `date`, `heure`, `type_id`) VALUES
(1, 'Soirée dégustation rhum avec chants marins', 'Une soirée pour découvrir notre gamme de rhum accompagné par des chants marins', 'Laillé', '2017-03-02', '20:00:00.000000', 1),
(2, 'Visite chateauneuf du pape', 'Visite domaine alain jaume', 'CHATEAUNEUF DU PAPE', '2016-08-13', '15:00:00.000000', 1),
(3, 'Du vin et des gourmandises', 'La passion et le partage', 'Laille', '2016-03-03', '14:00:00.000000', 1),
(4, 'Soirée avec guillaume joubin ancien sommelier de l', 'Soirée à themes rhone', 'Laillé', '2016-05-19', '19:30:00.000000', 1),
(5, 'Soirée avec pascal pochon chocolatier st malo', 'Dégustation de chocolats  \r\naccords mets et vin', 'Laillé', '2016-06-04', '17:00:00.000000', 1),
(6, 'Visite pichon longueville bordeaux', 'Rencontre avec les vignerons à bordeaux \r\n', 'Bordeaux', '2015-09-11', '16:00:00.000000', 1),
(7, 'Salon de paris', 'Dégustations alcools fort', 'Paris', '2016-10-10', '09:00:00.000000', 1),
(8, 'Salon vignes et vilaine', 'Salon de la loire', 'Laillé', '2016-11-25', '09:00:00.000000', 1),
(9, 'Rencontre avec monsieur rety ', 'Rencontre avec monsieur rety( vigneron\r\ndomaine rety)le domaine rety vient de recevoir 3 étoiles dans le nouveau guide\r\nhachette des vins 2018.le vin rouge primé est le cote du roussillon l\'insolente\r\nmillésimé 2015 qui a reçu une note de 5 sur 5 soit 3 étoiles vin exceptionnel.', 'Melesse', '2017-09-11', '17:30:00.000000', 1),
(10, 'Soirée champagnes jean despret', 'Dégustation de la gamme jean despret', 'Laillé', '2017-11-18', '19:30:00.000000', 1),
(12, 'Soirée domaine rety', 'Animation du vigneron monsieur rety et découverte des vins du domaine.', 'Laillé', '2017-12-08', '19:30:00.000000', 1),
(13, 'Salon des vignerons indépendants rennes', '300exposants', 'Rennes', '2018-01-28', '09:30:00.000000', 1),
(14, 'Salon des vignerons indépendants rennes', '300exposants', 'Rennes', '2018-01-28', '09:30:00.000000', 1),
(15, 'Salon des vignerons indépendants rennes', '300 exposants', 'Rennes', '2018-01-28', '09:30:00.000000', 1),
(16, 'Salon des vignerons indépendants rennes', '300 exposants', 'Rennes', '2018-01-28', '09:30:00.000000', 1),
(17, 'Salon des vignerons indépendants rennes', '300 exposants', 'Rennes', '2018-01-28', '09:30:00.000000', 1),
(18, 'Salon des vignerons indépendants rennes', '300exposants', 'Rennes', '2018-01-28', '09:30:00.000000', 1),
(19, 'Salon des vignerons indépendants rennes', '300exposants', 'Rennes', '2018-01-28', '09:30:00.000000', 1),
(20, 'Le salon des vins de loire 2018', '300 exposants vins de loire 2018.', 'Angers', '2018-02-05', '09:00:00.000000', 1),
(21, 'Salon vignocaves rennes 2018', 'Rencontre avec les vignerons (70 vignerons)', 'Rennes', '2018-03-05', '09:00:00.000000', 1),
(22, 'Salon de la bières artisanale saint-Malo', '52 exposants', 'Saint-Malo', '2018-03-25', '13:00:00.000000', 1),
(23, 'Salon de la bières rennes 2018', 'Dégustations de bières du monde.(40 exposants).', 'Rennes', '2018-04-09', '10:00:00.000000', 1),
(24, 'Dégustation de rhums-Et whiskys chateau d\\\'apigné', 'Dégustation et cour sur le rhums et whiskys\r\n8 rhums/8 whiskys.', 'le Rheu', '2018-04-16', '09:30:00.000000', 1),
(25, 'Dégustation de bières artisanales brasserie du ton', 'Découverte de bières artisanales et chants marins', 'Laillé', '2018-06-14', '19:30:00.000000', 1);

-- --------------------------------------------------------

--
-- Structure de la table `event_eventimage`
--

DROP TABLE IF EXISTS `event_eventimage`;
CREATE TABLE IF NOT EXISTS `event_eventimage` (
  `id` int(11) NOT NULL AUTO_INCREMENT,
  `image` varchar(100) NOT NULL,
  `event_id` int(11) NOT NULL,
  PRIMARY KEY (`id`),
  KEY `event_eventimage_event_id_97277734` (`event_id`)
) ENGINE=MyISAM AUTO_INCREMENT=52 DEFAULT CHARSET=utf8;

--
-- Déchargement des données de la table `event_eventimage`
--

INSERT INTO `event_eventimage` (`id`, `image`, `event_id`) VALUES
(1, 'uploads/event/Soiree-degustation-rhum-avec-chants-marins0.JPG', 1),
(2, 'uploads/event/Soiree-degustation-rhum-avec-chants-marins1.JPG', 1),
(3, 'uploads/event/Soiree-degustation-rhum-avec-chants-marins2.JPG', 1),
(4, 'uploads/event/Soiree-degustation-rhum-avec-chants-marins3.JPG', 1),
(5, 'uploads/event/VISITE-CHATEAUNEUF-DU-PAPE0.JPG', 2),
(6, 'uploads/event/VISITE-CHATEAUNEUF-DU-PAPE1.JPG', 2),
(7, 'uploads/event/VISITE-CHATEAUNEUF-DU-PAPE2.JPG', 2),
(8, 'uploads/event/VISITE-CHATEAUNEUF-DU-PAPE3.JPG', 2),
(9, 'uploads/event/Du-vin-et-des-Gourmandises0.JPG', 3),
(10, 'uploads/event/Soiree-avec-Pascal-Pochon-Chocolatier-STMalo0.JPG', 5),
(11, 'uploads/event/Visite-Pichon-Longueville-Bordeaux0.JPG', 6),
(12, 'uploads/event/Salon-de-Paris0.JPG', 7),
(13, 'uploads/event/Salon-Vignes-et-Vilaine0.JPG', 8),
(14, 'uploads/event/Rencontre-avec-Monsieur-Rety-0.JPG', 9),
(15, 'uploads/event/Soiree-Champagne-Jean-Despret0.JPG', 10),
(16, 'uploads/event/Soiree-Domaine-Rety0.JPG', 12),
(17, 'uploads/event/Salon-des-Vignerons-Independants-Rennes0.JPG', 13),
(18, 'uploads/event/Salon-des-Vignerons-Independants-Rennes0_xiKjkjl.JPG', 14),
(19, 'uploads/event/Salon-des-Vignerons-Independants-Rennes0_ocdyADa.JPG', 15),
(20, 'uploads/event/Salon-des-Vignerons-Independants-Rennes0_wR81hUD.JPG', 17),
(21, 'uploads/event/Salon-des-Vignerons-Independants-Rennes0_SE8U0Lg.JPG', 18),
(22, 'uploads/event/Le-Salon-Des-Vins-de-Loire-20180.JPG', 20),
(23, 'uploads/event/Salon-Vignocaves-Rennes-20180.JPG', 21),
(24, 'uploads/event/Salon-de-la-Biere-artisanale-Saint-Malo0.JPG', 22),
(25, 'uploads/event/Salon-de-la-Bieres-Rennes-20180.JPG', 23),
(26, 'uploads/event/Soiree-avec-Pascal-Pochon-Chocolatier-STMalo0_rWaKECZ.JPG', 25),
(27, 'uploads/event/Soiree-degustation-rhum-avec-chants-marins0.JPG', 1),
(28, 'uploads/event/Soiree-degustation-rhum-avec-chants-marins1.JPG', 1),
(29, 'uploads/event/Soiree-degustation-rhum-avec-chants-marins2.JPG', 1),
(30, 'uploads/event/Soiree-degustation-rhum-avec-chants-marins3.JPG', 1),
(31, 'uploads/event/VISITE-CHATEAUNEUF-DU-PAPE0.JPG', 2),
(32, 'uploads/event/VISITE-CHATEAUNEUF-DU-PAPE1.JPG', 2),
(33, 'uploads/event/VISITE-CHATEAUNEUF-DU-PAPE2.JPG', 2),
(34, 'uploads/event/VISITE-CHATEAUNEUF-DU-PAPE3.JPG', 2),
(35, 'uploads/event/Du-vin-et-des-Gourmandises0.JPG', 3),
(36, 'uploads/event/Soiree-avec-Pascal-Pochon-Chocolatier-STMalo0.JPG', 5),
(37, 'uploads/event/Visite-Pichon-Longueville-Bordeaux0.JPG', 6),
(38, 'uploads/event/Salon-de-Paris0.JPG', 7),
(39, 'uploads/event/Salon-Vignes-et-Vilaine0.JPG', 8),
(40, 'uploads/event/Rencontre-avec-Monsieur-Rety-0.JPG', 9),
(41, 'uploads/event/Soiree-Champagne-Jean-Despret0.JPG', 10),
(42, 'uploads/event/Soiree-Domaine-Rety0.JPG', 12),
(43, 'uploads/event/Salon-des-Vignerons-Independants-Rennes0.JPG', 13),
(44, 'uploads/event/Salon-des-Vignerons-Independants-Rennes0_8njP76q.JPG', 14),
(45, 'uploads/event/Salon-des-Vignerons-Independants-Rennes0_1PB5NHP.JPG', 15),
(46, 'uploads/event/Salon-des-Vignerons-Independants-Rennes0_u48RCu5.JPG', 17),
(47, 'uploads/event/Salon-des-Vignerons-Independants-Rennes0_BkC0dYL.JPG', 18),
(48, 'uploads/event/Le-Salon-Des-Vins-de-Loire-20180.JPG', 20),
(49, 'uploads/event/Salon-Vignocaves-Rennes-20180.JPG', 21),
(50, 'uploads/event/Salon-de-la-Biere-artisanale-Saint-Malo0.JPG', 22),
(51, 'uploads/event/Salon-de-la-Bieres-Rennes-20180.JPG', 23);

-- --------------------------------------------------------

--
-- Structure de la table `event_eventtype`
--

DROP TABLE IF EXISTS `event_eventtype`;
CREATE TABLE IF NOT EXISTS `event_eventtype` (
  `id` int(11) NOT NULL AUTO_INCREMENT,
  `nom` varchar(100) NOT NULL,
  PRIMARY KEY (`id`)
) ENGINE=MyISAM AUTO_INCREMENT=2 DEFAULT CHARSET=utf8;

--
-- Déchargement des données de la table `event_eventtype`
--

INSERT INTO `event_eventtype` (`id`, `nom`) VALUES
(1, 'default');

-- --------------------------------------------------------

--
-- Structure de la table `magasin_categorie`
--

DROP TABLE IF EXISTS `magasin_categorie`;
CREATE TABLE IF NOT EXISTS `magasin_categorie` (
  `id` int(11) NOT NULL AUTO_INCREMENT,
  `nom` varchar(30) NOT NULL,
  PRIMARY KEY (`id`),
  UNIQUE KEY `nom` (`nom`)
) ENGINE=MyISAM AUTO_INCREMENT=18 DEFAULT CHARSET=utf8;

--
-- Déchargement des données de la table `magasin_categorie`
--

INSERT INTO `magasin_categorie` (`id`, `nom`) VALUES
(1, 'Spiritueux'),
(2, 'Effervescent'),
(3, 'Vin'),
(4, 'Cidre'),
(5, 'Bière'),
(6, 'Salé'),
(7, 'Sucré'),
(8, 'Thé'),
(9, 'Café'),
(12, 'Condiments'),
(15, 'Provençaux'),
(16, 'Divers'),
(17, 'ERROR');

-- --------------------------------------------------------

--
-- Structure de la table `magasin_commande`
--

DROP TABLE IF EXISTS `magasin_commande`;
CREATE TABLE IF NOT EXISTS `magasin_commande` (
  `id` int(11) NOT NULL AUTO_INCREMENT,
  `date` datetime(6) NOT NULL,
  `montant` double NOT NULL,
  `est_panier` tinyint(1) NOT NULL,
  `envoie` tinyint(1) NOT NULL,
  `est_envoyee` tinyint(1) NOT NULL,
  `est_archivee` tinyint(1) NOT NULL,
  `est_payee` tinyint(1) NOT NULL,
  `client_id` int(11) NOT NULL,
  `frais_port_id` int(11) NOT NULL,
  PRIMARY KEY (`id`),
  KEY `magasin_commande_client_id_18bbb940` (`client_id`),
  KEY `magasin_commande_frais_port_id_3759d88f` (`frais_port_id`)
) ENGINE=MyISAM AUTO_INCREMENT=8 DEFAULT CHARSET=utf8;

--
-- Déchargement des données de la table `magasin_commande`
--

INSERT INTO `magasin_commande` (`id`, `date`, `montant`, `est_panier`, `envoie`, `est_envoyee`, `est_archivee`, `est_payee`, `client_id`, `frais_port_id`) VALUES
(6, '2018-07-05 18:03:08.000000', 36, 0, 1, 0, 0, 0, 1, 1),
(7, '2018-07-05 18:03:08.000000', 36, 0, 1, 0, 0, 0, 1, 1);

-- --------------------------------------------------------

--
-- Structure de la table `magasin_contenucommande`
--

DROP TABLE IF EXISTS `magasin_contenucommande`;
CREATE TABLE IF NOT EXISTS `magasin_contenucommande` (
  `id` int(11) NOT NULL AUTO_INCREMENT,
  `quantite` int(11) NOT NULL,
  `commande_id` int(11) NOT NULL,
  `produit_id` int(11) NOT NULL,
  PRIMARY KEY (`id`),
  KEY `magasin_contenucommande_commande_id_30f68c3b` (`commande_id`),
  KEY `magasin_contenucommande_produit_id_c650f351` (`produit_id`)
) ENGINE=MyISAM AUTO_INCREMENT=10 DEFAULT CHARSET=utf8;

--
-- Déchargement des données de la table `magasin_contenucommande`
--

INSERT INTO `magasin_contenucommande` (`id`, `quantite`, `commande_id`, `produit_id`) VALUES
(8, 1, 6, 7),
(9, 1, 7, 7);

-- --------------------------------------------------------

--
-- Structure de la table `magasin_fraisdeport`
--

DROP TABLE IF EXISTS `magasin_fraisdeport`;
CREATE TABLE IF NOT EXISTS `magasin_fraisdeport` (
  `id` int(11) NOT NULL AUTO_INCREMENT,
  `poid_min` double NOT NULL,
  `poid_max` double NOT NULL,
  `tarification` double NOT NULL,
  PRIMARY KEY (`id`)
) ENGINE=MyISAM AUTO_INCREMENT=6 DEFAULT CHARSET=utf8;

--
-- Déchargement des données de la table `magasin_fraisdeport`
--

INSERT INTO `magasin_fraisdeport` (`id`, `poid_min`, `poid_max`, `tarification`) VALUES
(1, 0, 0.99, 7.5),
(2, 1, 1.99, 8.5),
(3, 2, 4.99, 12.9),
(4, 5, 9.99, 18.9),
(5, 10, 300, 26.9);

-- --------------------------------------------------------

--
-- Structure de la table `magasin_marque`
--

DROP TABLE IF EXISTS `magasin_marque`;
CREATE TABLE IF NOT EXISTS `magasin_marque` (
  `id` int(11) NOT NULL AUTO_INCREMENT,
  `nom` varchar(30) NOT NULL,
  PRIMARY KEY (`id`)
) ENGINE=MyISAM AUTO_INCREMENT=11 DEFAULT CHARSET=utf8;

--
-- Déchargement des données de la table `magasin_marque`
--

INSERT INTO `magasin_marque` (`id`, `nom`) VALUES
(0, 'Skumen'),
(1, 'Tri Martolod'),
(2, 'Sainte  olombre'),
(3, 'Skumenn'),
(4, 'Rhum Metiss'),
(5, 'Loire'),
(6, 'Les Éélices de marie'),
(7, 'Les Délices de marie'),
(8, 'Ladure'),
(9, 'Jaquesson'),
(10, 'Writers Tears');

-- --------------------------------------------------------

--
-- Structure de la table `magasin_produit`
--

DROP TABLE IF EXISTS `magasin_produit`;
CREATE TABLE IF NOT EXISTS `magasin_produit` (
  `id` int(11) NOT NULL AUTO_INCREMENT,
  `nom` varchar(100) NOT NULL,
  `description` longtext,
  `cepage` longtext,
  `notes_degustation` longtext,
  `accords` longtext,
  `temperature` double DEFAULT NULL,
  `date_ajout` date NOT NULL,
  `prix` double NOT NULL,
  `est_promo` tinyint(1) NOT NULL,
  `debut_promo` date DEFAULT NULL,
  `fin_promo` date DEFAULT NULL,
  `stock` int(11) NOT NULL,
  `poid` double DEFAULT NULL,
  `categorie_id` int(11) NOT NULL,
  `marque_id` int(11) DEFAULT NULL,
  `sous_categorie_id` int(11) NOT NULL,
  `type_id` int(11) DEFAULT NULL,
  `photo` varchar(100) NOT NULL,
  PRIMARY KEY (`id`),
  UNIQUE KEY `nom` (`nom`),
  KEY `magasin_produit_categorie_id_14ae13f4` (`categorie_id`),
  KEY `magasin_produit_marque_id_1f6334c1` (`marque_id`),
  KEY `magasin_produit_sous_categorie_id_96a17070` (`sous_categorie_id`),
  KEY `magasin_produit_type_id_6f7d0dfd` (`type_id`)
) ENGINE=MyISAM AUTO_INCREMENT=343 DEFAULT CHARSET=utf8;

--
-- Déchargement des données de la table `magasin_produit`
--

INSERT INTO `magasin_produit` (`id`, `nom`, `description`, `cepage`, `notes_degustation`, `accords`, `temperature`, `date_ajout`, `prix`, `est_promo`, `debut_promo`, `fin_promo`, `stock`, `poid`, `categorie_id`, `marque_id`, `sous_categorie_id`, `type_id`, `photo`) VALUES
(5, 'Skumen Rye indiapale ale issu de la culture biologique 75cl', 'Issu de la culture biologique', NULL, NULL, NULL, NULL, '2018-07-06', 5.5, 0, NULL, NULL, 0, 132, 5, 0, 3, 0, 'uploads/produit/Skumen-Rye-india-pale-al0.JPG'),
(6, 'Bière Tri martolod 33cl', 'Brassée à  concarneau (29).', NULL, NULL, NULL, NULL, '2018-07-06', 2.4, 0, NULL, NULL, 8, 55, 5, 1, 4, 0, 'uploads/produit/Biere_Tri_Martolod.JPG'),
(7, 'Gin Mare', '', NULL, NULL, NULL, NULL, '2018-07-06', 36, 0, NULL, NULL, 1, 125, 1, NULL, 16, 0, 'uploads/produit/Gin_Mare.JPG'),
(8, 'Tequila Corralejo mexique', '', NULL, NULL, NULL, NULL, '2018-07-06', 37, 0, NULL, NULL, 2, 125, 1, NULL, 15, 0, 'uploads/produit/Tequila_Corralejo.JPG'),
(9, ' Armagnac château laubade', '', NULL, NULL, NULL, NULL, '2018-07-06', 41, 0, NULL, NULL, 1, 125, 1, NULL, 14, 0, 'uploads/produit/Chateau-De-laubade1.JPG'),
(10, ' Armagnac château de laubade hors d\'âge', '', NULL, NULL, NULL, NULL, '2018-07-06', 52, 0, NULL, NULL, 0, 125, 1, NULL, 14, 0, 'uploads/produit/Chateau_de_Laubade.JPG'),
(11, 'Beaujolais Blanc', 'Cépage chardonnay\r\naccords::foie gras, poissons et apéritif.', NULL, NULL, NULL, NULL, '2018-07-06', 12, 0, NULL, NULL, 12, 125, 3, NULL, 5, 0, 'uploads/produit/Beaujolais_Blanc.JPG'),
(12, 'Ustersbacher  50cl bière belge', '', NULL, NULL, NULL, NULL, '2018-07-06', 3.5, 0, NULL, NULL, 0, 56, 5, NULL, 3, 0, 'uploads/produit/Ustersbacher-Urhell0.JPG'),
(13, 'Cidre coat-Albret brut', '', NULL, NULL, NULL, NULL, '2018-07-06', 3.5, 0, NULL, NULL, 4, 125, 4, NULL, 50, 0, 'uploads/produit/Cidre-coat-Albret0.JPG'),
(14, 'Roussette De savoie', 'Accords:raclette ,fondue de fromages,apéritif,charcuterie', NULL, NULL, NULL, NULL, '2018-07-06', 13.3, 0, NULL, NULL, 6, 125, 3, NULL, 6, 0, 'uploads/produit/Monthoux0.JPG'),
(15, 'Chignin Bergeron savoie', 'Aromes puissants d\'abricots et de pain grillé.\r\nun foie gras poêlé accompagnera parfaitement un tel vin.', NULL, NULL, NULL, NULL, '2018-07-06', 15.9, 0, NULL, NULL, 6, 800, 3, NULL, 6, 0, 'uploads/produit/Chignin-Bergeron0.JPG'),
(16, 'Domaine Les esquirots', '', NULL, NULL, NULL, NULL, '2018-07-06', 5.9, 0, NULL, NULL, 0, 125, 3, NULL, 7, 0, 'uploads/produit/none.JPG'),
(17, 'Domaine De perhus', 'Cépages:gros manseng.\r\n arômes de fruits bien murs: ananas -mangue.\r\naccords :foie gras ,apéritif, dessert.', NULL, NULL, NULL, NULL, '2018-07-06', 6.2, 0, NULL, NULL, 6, 125, 3, NULL, 7, 0, 'uploads/produit/Domaine-De-perhus0.JPG'),
(18, 'Les Hauts de montrouge moelleux', 'Accords:apéritif,foie gras,dessert chocolat', NULL, NULL, NULL, NULL, '2018-07-06', 7.2, 0, NULL, NULL, 6, 125, 3, NULL, 7, 0, 'uploads/produit/Les-Hauts-de-montrouge0.JPG'),
(19, 'Skumen Amber ale issu de la culture biologique 33cl', 'Produit issu de l\'agriculture biologique', NULL, NULL, NULL, NULL, '2018-07-06', 2.8, 0, NULL, NULL, 0, 56, 5, 0, 1, 0, 'uploads/produit/Skumen-Amber-Ale0.JPG'),
(20, 'Skumen Amber ale 75cl', 'Issu de la culture biologique', NULL, NULL, NULL, NULL, '2018-07-06', 5.5, 0, NULL, NULL, 2, 132, 5, 0, 1, 0, 'uploads/produit/Skumen-Amber-Ale1.JPG'),
(23, 'Skumen Wheat india pale ale issu de la culture biologique 75cl', 'Issu de la culture biologique', NULL, NULL, NULL, NULL, '2018-07-06', 5.5, 0, NULL, NULL, 0, 132, 5, 0, 2, 0, 'uploads/produit/Skumen-Wheat-India-Pale-Ale0.JPG'),
(24, 'Skumen Pale ale blonde issu de la culturebiologique 75cl', 'Issu de la culture biologique', NULL, NULL, NULL, NULL, '2018-07-06', 5.5, 0, NULL, NULL, 2, 132, 5, 0, 3, 0, 'uploads/produit/Skumen-Pale-Ale0.JPG'),
(25, 'Perle De roseline rosé', 'Accords :charcuterie, apéritif,salade.', NULL, NULL, NULL, NULL, '2018-07-06', 7.4, 0, NULL, NULL, 18, 125, 3, NULL, 8, 0, 'uploads/produit/Perle-Cote-de-Provence0.JPG'),
(26, 'Moulin-À-vent 2014', 'Accords:plat épicé', NULL, NULL, NULL, NULL, '2018-07-06', 12.3, 0, NULL, NULL, 24, 125, 3, NULL, 5, 0, 'uploads/produit/Moulin-a-vent0.JPG'),
(27, 'Fleurie ', '', NULL, NULL, NULL, NULL, '2018-07-06', 11.8, 0, NULL, NULL, 24, 125, 3, NULL, 5, 0, 'uploads/produit/Fleurie0.JPG'),
(28, ' Muscadet brin d\'or domaine de la grange', '', NULL, NULL, NULL, NULL, '2018-07-06', 5.9, 0, NULL, NULL, 6, 125, 3, NULL, 9, 0, 'uploads/produit/Brin-dor-domaine-de-la-grange0.JPG'),
(29, ' Muscadet vieilles vignes domaine de la grange', 'Accords :poisson en sauce.', NULL, NULL, NULL, NULL, '2018-07-06', 6.75, 0, NULL, NULL, 8, 125, 3, NULL, 9, 0, 'uploads/produit/Vieilles-Vignes-Domaine-de-la-grange0.JPG'),
(30, 'Bière Sainte colombe blonde 33cl', 'Brassée à ste colombe (35).', NULL, NULL, NULL, NULL, '2018-07-06', 2.4, 0, NULL, NULL, 0, 56, 5, 2, 3, 0, 'uploads/produit/Biere-Sainte-Colombe-Blonde0.JPG'),
(31, 'Bière Sainte colombe blonde 75cl', 'Brassée à ste colombe (35).', NULL, NULL, NULL, NULL, '2018-07-06', 4.2, 0, NULL, NULL, 0, 132, 5, NULL, 3, 0, 'uploads/produit/Biere-Sainte-Colombe-Blonde1.JPG'),
(32, 'Bière Sainte colombe blanche 75cl', 'Brassée à ste colombe (35).', NULL, NULL, NULL, NULL, '2018-07-06', 4.2, 0, NULL, NULL, 0, 132, 5, NULL, 2, 0, 'uploads/produit/Biere-Sainte-colombe-blanche0.JPG'),
(33, 'Bière Sainte colombe dorée', '', NULL, NULL, NULL, NULL, '2018-07-06', 2.4, 0, NULL, NULL, 0, 56, 5, NULL, 50, 0, 'uploads/produit/none_FRZkM0e.JPG'),
(34, 'Bière Sainte colombe ambrée 75cl', 'Brassée à ste colombe (35).', NULL, NULL, NULL, NULL, '2018-07-06', 4.2, 0, NULL, NULL, 0, 132, 5, NULL, 1, 0, 'uploads/produit/Biere-Sainte-Colombe-Ambree0.JPG'),
(35, 'Cognac ragnaud-Sabourin n°10', '', NULL, NULL, NULL, NULL, '2018-07-06', 47, 0, NULL, NULL, 0, 125, 1, NULL, 10, 0, 'uploads/produit/Cognac-Ragnaud-Sabourin-N100.JPG'),
(36, 'Cognac ragnaud-Sabourin n°20', '', NULL, NULL, NULL, NULL, '2018-07-06', 62, 0, NULL, NULL, 0, 125, 1, NULL, 10, 0, 'uploads/produit/Cognac-Ragnaud-Sabourin-N200.JPG'),
(37, 'Ter\'raz Rouge 2015', 'Accords:barbecue,charcuterie,apéritif.\r\n', NULL, NULL, NULL, NULL, '2018-07-06', 4.95, 0, NULL, NULL, 24, 125, 3, NULL, 43, 0, 'uploads/produit/TerRaz0.JPG'),
(38, 'Ter \'raz blanc', '', NULL, NULL, NULL, NULL, '2018-07-06', 4.95, 0, NULL, NULL, 12, 125, 3, NULL, 43, 0, 'uploads/produit/TerRaz1.JPG'),
(39, 'Tarani Rose  millésime 2015', 'Accord:apéritif.', NULL, NULL, NULL, NULL, '2018-07-06', 4.95, 0, NULL, NULL, 12, 125, 3, NULL, 44, 0, 'uploads/produit/Tarani-Millesime-20150.JPG'),
(40, 'Tarani Rouge millésime 2015', '', NULL, NULL, NULL, NULL, '2018-07-06', 4.95, 0, NULL, NULL, 12, 125, 3, NULL, 44, 0, 'uploads/produit/Tarani-Millesime-20151.JPG'),
(41, 'Domaine Martin faudot cépage chardonnay', 'Accord:poisson ,conté 24 mois', NULL, NULL, NULL, NULL, '2018-07-06', 10.6, 0, NULL, NULL, 22, 125, 3, NULL, 11, 0, 'uploads/produit/Domaine-Martin-Faudot-Cepage-Chardonnay0.JPG'),
(42, 'Domaine Martin faudot cépage trousseau 2012', 'Accord:petit gibiers,caille', NULL, NULL, NULL, NULL, '2018-07-06', 12.5, 0, NULL, NULL, 20, 125, 3, NULL, 11, 0, 'uploads/produit/Domaine-Martin-Faudot-Cepage-Trousseau0.JPG'),
(43, 'Vin De paille  martin faudot en arbois', 'Accod:conté 24 mois ', NULL, NULL, NULL, NULL, '2018-07-06', 32, 0, NULL, NULL, 2, 125, 3, NULL, 11, 0, 'uploads/produit/Vin-de-paille-de-Martin-Faudot-en-Arbois0.JPG'),
(44, 'Bière Philomenn blonde 33cl', 'Brassée à tréguier (22).', NULL, NULL, NULL, NULL, '2018-07-06', 2.5, 0, NULL, NULL, 8, 56, 5, NULL, 3, 0, 'uploads/produit/Biere-Philomenn-Blonde0.JPG'),
(45, 'Bière Philomenn triple 33cl', 'Brassée à tréguier (22).', NULL, NULL, NULL, NULL, '2018-07-06', 2.5, 0, NULL, NULL, 2, 56, 5, NULL, 1, 0, 'uploads/produit/Biere-Philomenn-Triple0.JPG'),
(46, 'Bière Philomenn blanche 33cl', 'Brassée à tréguier (22).', NULL, NULL, NULL, NULL, '2018-07-06', 2.5, 0, NULL, NULL, 0, 56, 5, 3, 2, 0, 'uploads/produit/Biere-Philomenn-Blanche0.JPG'),
(47, 'Bière Philomenn blonde 75cl', 'Brassée à tréguier (22).', NULL, NULL, NULL, NULL, '2018-07-06', 4.5, 0, NULL, NULL, 6, 132, 5, NULL, 3, 0, 'uploads/produit/Biere-Philomenn-Blonde1.JPG'),
(48, 'Bière Philomenn rousse 75cl', 'Brassée à tréguier (22).', NULL, NULL, NULL, NULL, '2018-07-06', 4.5, 0, NULL, NULL, 10, 132, 5, NULL, 12, 0, 'uploads/produit/Biere-Philomenn-Rousse0.JPG'),
(49, 'Pack Bière philomenn ', 'Pack de 3 bières philomenn avec une bière blonde, une bière brune et une bière triple', NULL, NULL, NULL, NULL, '2018-07-06', 8, 0, NULL, NULL, 0, 168, 5, NULL, 50, 0, 'uploads/produit/Pack-Biere-Philomenn-0.JPG'),
(50, 'Duck Triple', '', NULL, NULL, NULL, NULL, '2018-07-06', 5.5, 0, NULL, NULL, 0, 132, 5, NULL, 3, 0, 'uploads/produit/Duck-Triple0.JPG'),
(51, 'Bière Duck blonde 75cl', '', NULL, NULL, NULL, NULL, '2018-07-06', 5.5, 0, NULL, NULL, 0, 132, 5, NULL, 3, 0, 'uploads/produit/Biere-Duck-Blonde0.JPG'),
(52, 'Bière Duck blonde 33cl', '', NULL, NULL, NULL, NULL, '2018-07-06', 3.1, 0, NULL, NULL, 0, 56, 5, NULL, 3, 0, 'uploads/produit/Biere-D0.JPG'),
(53, 'Bière Duck bretagne  rousse75cl', '', NULL, NULL, NULL, NULL, '2018-07-06', 5.5, 0, NULL, NULL, 0, 132, 5, NULL, 12, 0, 'uploads/produit/Biere-Duck-Bretagne0.JPG'),
(54, 'Bière Duck bretagne rousse 33cl', '', NULL, NULL, NULL, NULL, '2018-07-06', 3.1, 0, NULL, NULL, 0, 56, 5, NULL, 12, 0, 'uploads/produit/Biere-Duck-Bretagne1.JPG'),
(55, 'Bière Trompe souris blonde 75cl', 'Brassée à la chapelle basse mer (44).', NULL, NULL, NULL, NULL, '2018-07-06', 5.5, 0, NULL, NULL, 0, 132, 5, NULL, 3, 0, 'uploads/produit/Biere-Trompe-Souris-Blonde0.JPG'),
(56, 'Bière Trompe souris blonde 33cl', 'Brassée à la chapelle basse mer (44).', NULL, NULL, NULL, NULL, '2018-07-06', 3.1, 0, NULL, NULL, 0, 56, 5, NULL, 3, 0, 'uploads/produit/Biere-Trompe-Souris-Blonde1.JPG'),
(57, 'Rhum Don papa philippines', 'Bouche :notes de vanille', NULL, NULL, NULL, NULL, '2018-07-06', 42, 0, NULL, NULL, 4, 196, 1, NULL, 13, 0, 'uploads/produit/Rhum-Don-Papa0.JPG'),
(58, 'Rhum Diplomatico vénezuela', 'Au départ moelleux ,voire sirupeux,il prend une incontestable vigueur aromatique en se développant en bouche.\r\nla palette aromatique, d\'une grande intensité, est particulièrement diversifiée fruits secs et compotés, caramel au beurre ,miel tout en étant très fondue et bien équilibrée.\r\n', NULL, NULL, NULL, NULL, '2018-07-06', 42, 0, NULL, NULL, 4, 196, 1, NULL, 13, 0, 'uploads/produit/Rhum-Diplomatico0.JPG'),
(59, 'Rhum Angostura 1919 tobago', 'Marqué par les notes de vanille,de caramel\r\nau beurre salé et de fruits tropicaux,c\'est\r\nun rhum très doux et presque moelleux.', NULL, NULL, NULL, NULL, '2018-07-06', 45, 0, NULL, NULL, 3, 196, 1, NULL, 13, 0, 'uploads/produit/Rhum-Angostura0.JPG'),
(60, 'Rhum Matusalem 15 ans cuba', 'La bouche onctueuse et suave est marquée\r\npar des notes étonnantes de caramel,vanille,oranges confites et feuille\r\nde cigare fraiches.\r\n', NULL, NULL, NULL, NULL, '2018-07-06', 42, 0, NULL, NULL, 3, 196, 1, NULL, 13, 0, 'uploads/produit/Rhum-Matusalem0.JPG'),
(61, 'Rhum Botran 15 ans guatemala', 'Bouche: des notes de café,cacao', NULL, NULL, NULL, NULL, '2018-07-06', 36, 0, NULL, NULL, 3, 196, 1, NULL, 13, 0, 'uploads/produit/Rhum-Botran0.JPG'),
(62, 'Rhum Agricole hse martinique', 'Bouche:amande grillé.\r\npur jus de canne', NULL, NULL, NULL, NULL, '2018-07-06', 51, 0, NULL, NULL, 4, 196, 1, NULL, 13, 0, 'uploads/produit/Rhum-Agricole-HSE0.JPG'),
(63, 'Rhum Arrangé mangue letchis reunion', '', NULL, NULL, NULL, NULL, '2018-07-06', 30, 0, NULL, NULL, 1, 196, 1, 4, 13, 0, 'uploads/produit/Rhum-Arrange-Mangue-Letchis-Reunion0.JPG'),
(64, 'Rhum Arrangé menthe citron vert', '', NULL, NULL, NULL, NULL, '2018-07-06', 28.5, 0, NULL, NULL, 1, 196, 1, 4, 13, 0, 'uploads/produit/Rhum-Arrange-Menthe-Citron-Vert0.JPG'),
(66, 'Rhum Arrangé ananas victoria fruit de la passion', '', NULL, NULL, NULL, NULL, '2018-07-06', 28.5, 0, NULL, NULL, 1, 196, 1, 4, 13, 0, 'uploads/produit/Rhum-Arrange-ananas-victoria-fruit-de-la-passion0.JPG'),
(67, 'Rhum Arrangé fruit de la passion reunion', '', NULL, NULL, NULL, NULL, '2018-07-06', 28.5, 0, NULL, NULL, 2, 196, 1, 4, 13, 0, 'uploads/produit/Rhum-Arrange-Fruit-de-la-passion0.JPG'),
(68, 'Rhum Arrangé mangue fruit de la passion reunion', '', NULL, NULL, NULL, NULL, '2018-07-06', 28.5, 0, NULL, NULL, 3, 196, 1, 4, 13, 0, 'uploads/produit/Rhum-Arrange-Mangue-Fruit-de-la-passion0.JPG'),
(69, 'Rhum Arrangé ananas victoria mangue reunion', '', NULL, NULL, NULL, NULL, '2018-07-06', 28.5, 0, NULL, NULL, 1, 196, 1, 4, 13, 0, 'uploads/produit/Rhum-Arrange-Ananas-Victoria-Mangue0.JPG'),
(70, 'Rhum Arrangé ananas victoria reunion', '', NULL, NULL, NULL, NULL, '2018-07-06', 28.5, 0, NULL, NULL, 1, 196, 1, 4, 13, 0, 'uploads/produit/Rhum-Arrange-Ananas-Victoria0.JPG'),
(71, 'Rhum Arrangé punch de noël', '', NULL, NULL, NULL, NULL, '2018-07-06', 28.5, 0, NULL, NULL, 0, 196, 1, 4, 13, 0, 'uploads/produit/Rhum-Arrange-Punch-de-Noel0.JPG'),
(72, 'Rhum Arrangé piment espelette reunion', '', NULL, NULL, NULL, NULL, '2018-07-06', 28.5, 0, NULL, NULL, 2, 196, 1, 4, 13, 0, 'uploads/produit/Rhum-Arrange-Piment-Espelette0.JPG'),
(73, 'Rhum Arrangé vanille réunion', '', NULL, NULL, NULL, NULL, '2018-07-06', 28.5, 0, NULL, NULL, 3, 196, 1, 4, 13, 0, 'uploads/produit/Rhum-Arrange-Vanille-Reunion0.JPG'),
(74, 'Rhum Arrangé fraise framboise reunion', '', NULL, NULL, NULL, NULL, '2018-07-06', 28.5, 0, NULL, NULL, 2, 196, 1, 4, 13, 0, 'uploads/produit/Rhum-Arrange-Fraise-Framboise0.JPG'),
(75, 'Rhum Arrangé noix de coco reunion', '', NULL, NULL, NULL, NULL, '2018-07-06', 28.5, 0, NULL, NULL, 2, 196, 1, 4, 13, 0, 'uploads/produit/Rhum-Arrange-Noix-de-coco0.JPG'),
(76, 'Rhum Arrangé orange café reunion', '', NULL, NULL, NULL, NULL, '2018-07-06', 28.5, 0, NULL, NULL, 1, 196, 1, 4, 13, 0, 'uploads/produit/Rhum-Arrange-Orange-Cafe0.JPG'),
(77, 'Rhum Arrangé gingembre citron reunion', '', NULL, NULL, NULL, NULL, '2018-07-06', 28.5, 0, NULL, NULL, 1, 196, 1, 4, 13, 0, 'uploads/produit/Rhum-Arrange-Gingembre-Citron0.JPG'),
(78, 'Rhum Arrangé vanille café bourbon pointu bio', 'Rhum arrangé réunion', NULL, NULL, NULL, NULL, '2018-07-06', 28.5, 0, NULL, NULL, 3, 196, 1, NULL, 13, 0, 'uploads/produit/Rhum-Arrange-Vanille-Cafe-Bourbon-Pointu-bio0.JPG'),
(79, 'Whisky The irishman irlandais', 'Bouche: note fruité.', NULL, NULL, NULL, NULL, '2018-07-06', 38, 0, NULL, NULL, 1, 196, 1, NULL, 18, 0, 'uploads/produit/Whisky-The-Irishman0.JPG'),
(80, 'Whisky Black bottle ecossais', 'Bouche:moelleuse et fruitée avec des saveurs subtilement équilibrées de fumée\r\nsuivies de bois tendre et de miel de bruyère.', NULL, NULL, NULL, NULL, '2018-07-06', 31, 0, NULL, NULL, 3, 144, 1, NULL, 18, 0, 'uploads/produit/Whisky-Black-Bottle0.JPG'),
(81, 'Whisky Tokinoka japonais', 'Bouche:note miel de bruyère', NULL, NULL, NULL, NULL, '2018-07-06', 31, 0, NULL, NULL, 6, 144, 1, NULL, 18, 0, 'uploads/produit/Whisky-Tokinoka0.JPG'),
(82, 'Whisky Deanston ecossais', 'Bouche:fruits cuits,épicé', NULL, NULL, NULL, NULL, '2018-07-06', 40, 0, NULL, NULL, 0, 144, 1, NULL, 18, 0, 'uploads/produit/Whisky-Deanston0.JPG'),
(83, 'Whisky The six isles écossais', 'Assemblage de 6 whiskys.légèrement tourbée.', NULL, NULL, NULL, NULL, '2018-07-06', 45, 0, NULL, NULL, 2, 144, 1, NULL, 18, 0, 'uploads/produit/Whisky-The-Six-Isles0.JPG'),
(84, 'Whisky Mac na mara écossais', 'Bouche :note de caramel', NULL, NULL, NULL, NULL, '2018-07-06', 25, 0, NULL, NULL, 4, 144, 1, NULL, 18, 0, 'uploads/produit/Whisky-Mac-Namara0.JPG'),
(85, 'Whisky Glengoyne 12 ans écossais', 'Bouche:pomme verte,caramel', NULL, NULL, NULL, NULL, '2018-07-06', 59, 0, NULL, NULL, 6, 144, 1, NULL, 18, 0, 'uploads/produit/Whisky-Glengoyne0.JPG'),
(86, 'Whisky Tobermory 10 ans écossais', 'Bouche:fruitées,des notes de poire,pomme,\r\npointes épicées et des notes mentholées.', NULL, NULL, NULL, NULL, '2018-07-06', 54, 0, NULL, NULL, 2, 144, 1, NULL, 18, 0, 'uploads/produit/Whisky-Tobermory0.JPG'),
(87, 'Whisky Bunnahabhain 12 ans écossais', 'Bunnahabhain franchit le pas de la non filtration à froid et de fort degré d\'alcool .', NULL, NULL, NULL, NULL, '2018-07-06', 58, 0, NULL, NULL, 3, 144, 1, NULL, 18, 0, 'uploads/produit/Whisky-Bunnahabhain0.JPG'),
(88, 'Whisky Port charlotte', '', NULL, NULL, NULL, NULL, '2018-07-06', 55, 0, NULL, NULL, 0, 144, 1, NULL, 18, 0, 'uploads/produit/none_RgY4KFP.JPG'),
(89, 'Whisky  boubon woodford reserve americain', 'C\'est un festival de saveurs:fruits noirs,caramel,chocolat', NULL, NULL, NULL, NULL, '2018-07-06', 52, 0, NULL, NULL, 4, 144, 1, NULL, 18, 0, 'uploads/produit/Whisky-Woodford-Reserve0.JPG'),
(90, 'Whisky Ledaig 18 ans ecossais', 'Bouche:aromes fruités et boisés avec des notes de fumée de poivre noir,et de piment de cayenne', NULL, NULL, NULL, NULL, '2018-07-06', 148, 0, NULL, NULL, 0, 196, 1, NULL, 18, 0, 'uploads/produit/Whisky-Ledaig0.JPG'),
(92, 'Domaine Brazilier vin mousseux brut', '', NULL, NULL, NULL, NULL, '2018-07-06', 7.1, 0, NULL, NULL, 10, 150, 2, NULL, 19, 0, 'uploads/produit/none_FLPmL8m.JPG'),
(93, 'Domaine Brazilier vin mousseux rosé', '', NULL, NULL, NULL, NULL, '2018-07-06', 7.1, 0, NULL, NULL, 20, 150, 2, NULL, 19, 0, 'uploads/produit/none_UJOZS6a.JPG'),
(101, ' Haut médoc château lalande 2014', '', NULL, NULL, NULL, NULL, '2018-07-06', 12.5, 0, NULL, NULL, 18, 125, 3, NULL, 20, 0, 'uploads/produit/Chateau-Lalande0.JPG'),
(102, 'Domaine Les barthes 2015', 'Cepage mabec\r\naccord:charcuterie ,barbecue', NULL, NULL, NULL, NULL, '2018-07-06', 7, 0, NULL, NULL, 0, 125, 3, NULL, 50, 0, 'uploads/produit/Domaine-Les-Barthes0.JPG'),
(103, ' Merlot louis eschenauer 2015', 'Louis eschenauer: un savoir faire fort depuis 1821.\r\nle merlot est rond puissant des tanins souples.\r\naccords: volailles et charcuteries.', NULL, NULL, NULL, NULL, '2018-07-06', 7.6, 0, NULL, NULL, 0, 125, 3, NULL, 21, 0, 'uploads/produit/Louis-Eschenauer0.JPG'),
(104, ' Gewurztraminer dopff & irion les sorcières', 'Peut se déguster à l\'apéritif. \r\nbeaux accords avec le foie gras et le munster.', NULL, NULL, NULL, NULL, '2018-07-06', 18.8, 0, NULL, NULL, 6, 125, 3, NULL, 22, 0, 'uploads/produit/Domaines-du-Chateau-de-Riquewihr-Les-sorcieres0.JPG'),
(105, 'Gewurztramier Dopff irion', 'Accords: munster,apéritif,foie gras.', NULL, NULL, NULL, NULL, '2018-07-06', 13.9, 0, NULL, NULL, 4, 125, 3, NULL, 22, 0, 'uploads/produit/Dopff--Irion-Cuvee-Rene-Dopff-Gewurztraminer0.JPG'),
(106, 'Pinot Gris dopff irion', 'Accord:apéritif,foie gras', NULL, NULL, NULL, NULL, '2018-07-06', 13.8, 0, NULL, NULL, 6, 125, 3, NULL, 22, 0, 'uploads/produit/Dopff--irion-cuvee-rene-dopff-pinot-gris0.JPG'),
(107, 'Riesling Dopff irion', 'Accord :fruits de mer', NULL, NULL, NULL, NULL, '2018-07-06', 11.5, 0, NULL, NULL, 6, 125, 3, NULL, 22, 0, 'uploads/produit/Dopff--irion-cuvee-rene-dopff-Riesling0.JPG'),
(108, ' Crémant d\'alscace dopff & irion blanc de blancs brut', '', NULL, NULL, NULL, NULL, '2018-07-06', 11.6, 0, NULL, NULL, 6, 125, 2, NULL, 19, 0, 'uploads/produit/Dopff--Irion-Blanc-de-Blancs-Brut0.JPG'),
(110, 'Champagne Jean despret ', '', NULL, NULL, NULL, NULL, '2018-07-06', 19.9, 0, NULL, NULL, 6, 150, 2, NULL, 23, 0, 'uploads/produit/Champagne-Jean-Despret-0.JPG'),
(111, 'Champagne larnaudie-Hirault 1er cru', '', NULL, NULL, NULL, NULL, '2018-07-06', 22.5, 0, NULL, NULL, 4, 150, 2, NULL, 23, 0, 'uploads/produit/Champagne-Larnaudie-Hirault0.JPG'),
(112, 'Champagne larnaudie-Hirault rosé guide hachette 2018', 'Joli succès pour le champagne larnaudie\r\nrosé premier cru:1 étoile dans le guide hachette des vins 2018,et une médaille d\'or décernée par elle a table.', NULL, NULL, NULL, NULL, '2018-07-06', 25, 0, NULL, NULL, 3, 150, 2, NULL, 23, 0, 'uploads/produit/Champagne-Larnaudie-Hirault-Rose-Guide-Hachette-20180.JPG'),
(113, 'Champagne Mailly grand cru 37.5 cl', '', NULL, NULL, NULL, NULL, '2018-07-06', 16.2, 0, NULL, NULL, 24, 150, 2, NULL, 23, 0, 'uploads/produit/Champagne-Mailly0.JPG'),
(114, 'Champagne Mailly grand cru', '', NULL, NULL, NULL, NULL, '2018-07-06', 29.9, 0, NULL, NULL, 0, 150, 2, NULL, 23, 0, 'uploads/produit/Champagne-Mailly1.JPG'),
(115, 'Champagne Mailly magnum', '', NULL, NULL, NULL, NULL, '2018-07-06', 61.8, 0, NULL, NULL, 3, 320, 2, NULL, 23, 0, 'uploads/produit/Champagne-Mailly2.JPG'),
(116, 'Champagne Ar lenoble dozage zéro', '', NULL, NULL, NULL, NULL, '2018-07-06', 29.5, 0, NULL, NULL, 6, 150, 2, NULL, 23, 0, 'uploads/produit/Champagne-Arlenoble0.JPG'),
(117, 'Champagne Ar lenoble intense', '', NULL, NULL, NULL, NULL, '2018-07-06', 28.5, 0, NULL, NULL, 3, 150, 2, NULL, 23, 0, 'uploads/produit/Champagne-Arlenoble1.JPG'),
(118, 'Champagne Ar lenoble grand cru blanc de blancs', '', NULL, NULL, NULL, NULL, '2018-07-06', 33.5, 0, NULL, NULL, 4, 150, 2, NULL, 23, 0, 'uploads/produit/Champagne-Arlenoble2.JPG'),
(119, 'Champagne Lenoble les aventures', '', NULL, NULL, NULL, NULL, '2018-07-06', 80, 0, NULL, NULL, 2, 150, 2, NULL, 23, 0, 'uploads/produit/Champagne-Lenoble-Les-aventures0.JPG'),
(120, 'Champagne Lenoble rosé', '', NULL, NULL, NULL, NULL, '2018-07-06', 42, 0, NULL, NULL, 6, 150, 2, NULL, 23, 0, 'uploads/produit/Champagne-Lenoble-Rose0.JPG'),
(121, 'Champagne Paul bara millésime 2010', '', NULL, NULL, NULL, NULL, '2018-07-06', 35, 0, NULL, NULL, 6, 150, 2, NULL, 23, 0, 'uploads/produit/Champagne-Paul-Bara-0.JPG'),
(122, 'Crémant De bourgogne bailly lapierre', '', NULL, NULL, NULL, NULL, '2018-07-06', 9.9, 0, NULL, NULL, 36, 150, 2, NULL, 19, 0, 'uploads/produit/Champagne-Bailly-Lapierre0.JPG'),
(123, 'Crémant D\'alscace dopff & irion', '', NULL, NULL, NULL, NULL, '2018-07-06', 10.9, 0, NULL, NULL, 1, 150, 2, NULL, 19, 0, 'uploads/produit/none_yTauDDp.JPG'),
(124, 'Champagne Château de passavent', '', NULL, NULL, NULL, NULL, '2018-07-06', 14.7, 0, NULL, NULL, 0, 150, 2, NULL, 23, 0, 'uploads/produit/none_B0s4tWl.JPG'),
(125, 'Saumur Brut domaine des sanzay', '', NULL, NULL, NULL, NULL, '2018-07-06', 9.7, 0, NULL, NULL, 3, 150, 2, NULL, 19, 0, 'uploads/produit/Champagne-Domaine-des-Sanzay0.JPG'),
(126, 'Saumur Roze domaine des sanzay', '', NULL, NULL, NULL, NULL, '2018-07-06', 10.6, 0, NULL, NULL, 3, 150, 2, NULL, 19, 0, 'uploads/produit/Champagne-Domaine-des-Sanzay-Rose0.JPG'),
(127, ' Prosecco, issu de la culture biologique', 'Effervescent italien.\r\nissu de la culture biologigue', NULL, NULL, NULL, NULL, '2018-07-06', 11.5, 0, NULL, NULL, 10, 150, 2, NULL, 19, 0, 'uploads/produit/Champagne-prosecco0.JPG'),
(128, 'Champagne Ruinart brut', '', NULL, NULL, NULL, NULL, '2018-07-06', 44, 0, NULL, NULL, 3, 150, 2, NULL, 23, 0, 'uploads/produit/Champagne-Ruinart0.JPG'),
(129, 'Champagne Ruinart blanc de blanc', '', NULL, NULL, NULL, NULL, '2018-07-06', 63, 0, NULL, NULL, 2, 150, 2, NULL, 23, 0, 'uploads/produit/Champagne-Ruinart1.JPG'),
(131, 'Nuits-Saint-georges les brûlées 2013', 'Accord: gigot agneau', NULL, NULL, NULL, NULL, '2018-07-06', 32.7, 0, NULL, NULL, 12, 125, 3, NULL, 24, 0, 'uploads/produit/Nuits-Saint-Georges-Les-brulees0.JPG'),
(132, 'Chablis Cuvée émeraude', 'Accords: poissons, crustacés.', NULL, NULL, NULL, NULL, '2018-07-06', 16.9, 0, NULL, NULL, 1, 125, 3, NULL, 24, 0, 'uploads/produit/Chablis-cuvee-emeraude0.JPG'),
(133, 'Chablis Premier cru', 'Accords: poissons en sauce ', NULL, NULL, NULL, NULL, '2018-07-06', 20, 0, NULL, NULL, 6, 125, 3, NULL, 24, 0, 'uploads/produit/Chablis-Premier-Cru0.JPG'),
(134, 'Saint-Véran', 'Accords:poisson grillé,apéritif ,viande blanche', NULL, NULL, NULL, NULL, '2018-07-06', 13, 0, NULL, NULL, 3, 125, 3, NULL, 50, 0, 'uploads/produit/Saint-Veran0.JPG'),
(135, 'Pouilly-Fuissé la collonge', 'Accords: st jacques ,langoustines,poisson en sauce', NULL, NULL, NULL, NULL, '2018-07-06', 17, 0, NULL, NULL, 12, 125, 3, NULL, 24, 0, 'uploads/produit/Pouilly-Fuisse-La-collonge0.JPG'),
(136, 'Côte De nuits villages 2014', 'Issu de la culture biologique\r\naccords :carré de veau , gigot d\'agneau.', NULL, NULL, NULL, NULL, '2018-07-06', 23.6, 0, NULL, NULL, 6, 125, 3, NULL, 24, 0, 'uploads/produit/Cote-de-nuits-villages0.JPG'),
(137, 'Marsanay Rouge ', 'Issu de la culture biologique', NULL, NULL, NULL, NULL, '2018-07-06', 26.5, 0, NULL, NULL, 6, 125, 3, NULL, 24, 0, 'uploads/produit/Marsanay0.JPG'),
(138, 'Gevrey-Chambertin 2014', 'Issu de la culture biologique\r\naccords:viande rouge ,agneau ,gigot rotie', NULL, NULL, NULL, NULL, '2018-07-06', 36.4, 0, NULL, NULL, 4, 125, 3, NULL, 24, 0, 'uploads/produit/Gevrey-Chambertin0.JPG'),
(139, 'Marsanay Blanc 2015', 'Issu de la culture biologique\r\naccords: blanquette de veau,poisson,', NULL, NULL, NULL, NULL, '2018-07-06', 23.4, 0, NULL, NULL, 2, 125, 3, NULL, 24, 0, 'uploads/produit/Marsanay1.JPG'),
(140, 'Nero D\'avola 2013', 'Vin italien\r\naccord pizza', NULL, NULL, NULL, NULL, '2018-07-06', 8.6, 0, NULL, NULL, 1, 125, 3, NULL, 25, 0, 'uploads/produit/Il-Meridiane0.JPG'),
(141, 'Barbera D\'asti 2012', 'Vin italien.\r\naccords:plat en sauce.', NULL, NULL, NULL, NULL, '2018-07-06', 13.3, 0, NULL, NULL, 8, 125, 3, NULL, 25, 0, 'uploads/produit/Barbera-Dasti0.JPG'),
(142, 'Opal Ridge 2013', 'Vin australien\r\naccord :plat en sauce', NULL, NULL, NULL, NULL, '2018-07-06', 9.8, 0, NULL, NULL, 3, 125, 3, NULL, 25, 0, 'uploads/produit/Opal-Ridge0.JPG'),
(143, 'Terra Afrique du sud 2012', 'Accord:agneau', NULL, NULL, NULL, NULL, '2018-07-06', 9.8, 0, NULL, NULL, 0, 125, 3, NULL, 25, 0, 'uploads/produit/Terra-0.JPG'),
(144, 'Tamari Malbec', 'Vin argentin cepage malbec\r\naccord :viande rouge', NULL, NULL, NULL, NULL, '2018-07-06', 9.5, 0, NULL, NULL, 6, 125, 3, NULL, 25, 0, 'uploads/produit/bodega-Tamari0.JPG'),
(145, ' Rioja coto vintage 2014', '', NULL, NULL, NULL, NULL, '2018-07-06', 11.8, 0, NULL, NULL, 6, 125, 3, NULL, 25, 0, 'uploads/produit/Coto-Vintage0.JPG'),
(146, 'Footprint Chardonnay', '', NULL, NULL, NULL, NULL, '2018-07-06', 9.9, 0, NULL, NULL, 1, 125, 3, NULL, 25, 0, 'uploads/produit/Footprint0.JPG'),
(148, 'Château Des matards rouge 2014', '', NULL, NULL, NULL, NULL, '2018-07-06', 8.6, 0, NULL, NULL, 12, 125, 3, NULL, 20, 0, 'uploads/produit/Chateau-des-Matards0.JPG'),
(149, ' Côtes de bourg château maçay 2015', 'Merlot 65% cabernet sauvignon 15%\r\ncabernet franc 10% malbec10%', NULL, NULL, NULL, NULL, '2018-07-06', 9.9, 0, NULL, NULL, 12, 125, 3, NULL, 20, 0, 'uploads/produit/Chateau-Macay0.JPG'),
(150, ' fronsac château mayne-Vieil', '', NULL, NULL, NULL, NULL, '2018-07-06', 13.5, 0, NULL, NULL, 4, 125, 3, NULL, 20, 0, 'uploads/produit/Chateau-Mayne-Vieil0.JPG'),
(151, ' Graves château haut selve 2014', 'Cépages:55% merlot, 45% cabernet sauvignon. \r\n12 ans de garde', NULL, NULL, NULL, NULL, '2018-07-06', 14, 0, NULL, NULL, 35, 125, 3, NULL, 20, 0, 'uploads/produit/Chateau-Haut-Selve0.JPG'),
(152, 'Lalande De pomerol', '', NULL, NULL, NULL, NULL, '2018-07-06', 17.5, 0, NULL, NULL, 0, 125, 3, NULL, 20, 0, 'uploads/produit/none_EgCZVRq.JPG'),
(153, 'St Emilion grand cru 2012', '', NULL, NULL, NULL, NULL, '2018-07-06', 18, 0, NULL, NULL, 6, 125, 3, NULL, 20, 0, 'uploads/produit/none_78VL2kU.JPG'),
(154, ' Medoc château fourcas hosten 2011', 'Médoc cru bourgeois.\r\noffre une parfaite symphonie de saveurs\r\ngrâce à ses vieilles vignes de merlot et de \r\ncabernet sauvignon', NULL, NULL, NULL, NULL, '2018-07-06', 21, 0, NULL, NULL, 7, 125, 3, NULL, 20, 0, 'uploads/produit/Chateau-Fourcas-Hosten0.JPG'),
(155, 'Medoc Les c \'edres d\'hosten 2011', 'Accord:viande en sauce', NULL, NULL, NULL, NULL, '2018-07-06', 18, 0, NULL, NULL, 1, 125, 3, NULL, 20, 0, 'uploads/produit/Les-cedres-DHostex0.JPG'),
(156, 'Medoc Chapelle de potensac 2014', 'Second vin de potensac\r\naccord viande rouge', NULL, NULL, NULL, NULL, '2018-07-06', 19.5, 0, NULL, NULL, 3, 125, 3, NULL, 20, 0, 'uploads/produit/Chapelle-de-Potensac-0.JPG'),
(157, ' Pomerol château la fleur des rouzes 2012', 'Cépages :cabernet franc et merlot.\r\nvin à la fois rond et charmeur.\r\naccompagnera à merveille les plats de viande .', NULL, NULL, NULL, NULL, '2018-07-06', 25.5, 0, NULL, NULL, 2, 125, 3, NULL, 20, 0, 'uploads/produit/Chateau-La-Fleur-des-Rouzes0.JPG'),
(158, ' st julien château lalande-Borie 2011', 'Cépages :cabernet franc ,cabernet sauvignon, colombaud,merlot.\r\nun vin dense .', NULL, NULL, NULL, NULL, '2018-07-06', 27.5, 0, NULL, NULL, 8, 125, 3, NULL, 20, 0, 'uploads/produit/Chateau-Lalande-Borie-0.JPG'),
(159, ' St estephe château ségur de cabanac 2008', 'Cépages: 40% merlot et 60% cabernet sauvignon.\r\n', NULL, NULL, NULL, NULL, '2018-07-06', 28.5, 0, NULL, NULL, 3, 125, 3, NULL, 20, 0, 'uploads/produit/Chateau-Segur-De-Cabanac0.JPG'),
(160, ' St estephe château clauzet 2010', 'Cépages:55% cabernet sauvignon,\r\n40% merlot, 5% cabernet franc et petit verdot', NULL, NULL, NULL, NULL, '2018-07-06', 28.5, 0, NULL, NULL, 24, 125, 3, NULL, 20, 0, 'uploads/produit/Chateau-Clauzet0.JPG'),
(161, ' Pauillac château tour pibran 2010', 'Mis en bouteille à la propriété château pichon longueville.\r\nsecond vin château pibran\r\ncépages: 50% merlot et 50% cabernet sauvignon.\r\nstyle caractéristique des grands pauillac.', NULL, NULL, NULL, NULL, '2018-07-06', 28.5, 0, NULL, NULL, 10, 125, 3, NULL, 20, 0, 'uploads/produit/Chateau-Tour-Pibran0.JPG'),
(162, ' Margaux vivens 2009', '', NULL, NULL, NULL, NULL, '2018-07-06', 33.2, 0, NULL, NULL, 0, 125, 3, NULL, 20, 0, 'uploads/produit/Vivens0.JPG'),
(163, ' Margaux les hauts du tertre 2012', 'Second vin du grand cru classé chateau\r\ndu tertre\r\ncépages:cbernet sauvignon,merlot,cabernet franc,petit verdot', NULL, NULL, NULL, NULL, '2018-07-06', 32.5, 0, NULL, NULL, 4, 125, 3, NULL, 20, 0, 'uploads/produit/Les-hauts-du-Tertre0.JPG'),
(164, 'Château Bouscaut pessac léognan 2011', 'Grand cru classé de graves.', NULL, NULL, NULL, NULL, '2018-07-06', 39.9, 0, NULL, NULL, 6, 125, 3, NULL, 20, 0, 'uploads/produit/Chateau-Bouscaut0.JPG'),
(165, 'Château Des matards blanc', 'Blaye blanc\r\naccords:crustacés,fruits de mer et apéritif.', NULL, NULL, NULL, NULL, '2018-07-06', 8.6, 0, NULL, NULL, 6, 125, 3, NULL, 20, 0, 'uploads/produit/Chateau-des-Matards1.JPG'),
(166, 'Sauternes Castelnau', 'Accords:salade de fruits,foie gras.', NULL, NULL, NULL, NULL, '2018-07-06', 24.5, 0, NULL, NULL, 0, 125, 3, NULL, 20, 0, 'uploads/produit/Castelnau0.JPG'),
(167, ' st estephe château clauzet - magnum', '55% cabernet sauvignon, 40% merlot,\r\n5% cabernet franc et petit verdot.', NULL, NULL, NULL, NULL, '2018-07-06', 41, 0, NULL, NULL, 0, 250, 3, NULL, 20, 0, 'uploads/produit/Chateau-Clauzet1.JPG'),
(168, ' Graves château haut selve', '', NULL, NULL, NULL, NULL, '2018-07-06', 33, 0, NULL, NULL, 0, 250, 3, NULL, 20, 0, 'uploads/produit/none_blmmVyD.JPG'),
(169, ' castillon château saint-Genès 2015', 'Servir à 16 degrés .\r\naccords:apéritif,charcuterie.', NULL, NULL, NULL, NULL, '2018-07-06', 9.9, 0, NULL, NULL, 0, 125, 3, NULL, 20, 0, 'uploads/produit/Chateau-Saint-Genes0.JPG'),
(170, 'St Emilion château franc cantenac 2014', 'Accord:viande en sauce.', NULL, NULL, NULL, NULL, '2018-07-06', 17.7, 0, NULL, NULL, 18, 125, 3, NULL, 20, 0, 'uploads/produit/none_e6OzBf2.JPG'),
(171, ' Fitou l\'impusilf', 'Cépages syrah carignan grenache, à\r\ncarafer 1 à 2 heures avant consommation\r\naccords gibier,chocolat noir,cassoulets', NULL, NULL, NULL, NULL, '2018-07-06', 8.4, 0, NULL, NULL, 0, 125, 3, NULL, 26, 0, 'uploads/produit/Limpusilf0.JPG'),
(172, ' Fitou partage 2014', 'Cépages:syrah, carignan, grenache noir.\r\ns\"accorde parfaitement avec le:gibier, le cassoulet et le chocolat noir.', NULL, NULL, NULL, NULL, '2018-07-06', 10.5, 0, NULL, NULL, 4, 125, 3, NULL, 26, 0, 'uploads/produit/Partage0.JPG'),
(173, ' Côteaux du languedoc la tour penedesses 2013', 'Issu de la culture biologique', NULL, NULL, NULL, NULL, '2018-07-06', 8.9, 0, NULL, NULL, 6, 125, 3, NULL, 26, 0, 'uploads/produit/Domaine-La-tour-Penedesses0.JPG'),
(174, 'Domaine La tour penedesses faugères 2014', 'Issu de la culture biologique\r\nrécolte manuelle', NULL, NULL, NULL, NULL, '2018-07-06', 10.9, 0, NULL, NULL, 8, 125, 3, NULL, 26, 0, 'uploads/produit/Domaine-La-tour-Penedesses-Faugeres0.JPG'),
(175, 'Chateau Haut gléon corbières 2012', 'Cépages :grenache 60%, syrah 25% , carignan 15%.\r\naccords: pot au feu, gibiers.', NULL, NULL, NULL, NULL, '2018-07-06', 14, 0, NULL, NULL, 10, 125, 3, NULL, 26, 0, 'uploads/produit/Chateau-Haut-Gleon-Corbieres0.JPG'),
(176, 'Corbieres Haut gleon', '', NULL, NULL, NULL, NULL, '2018-07-06', 9.5, 0, NULL, NULL, 0, 125, 3, NULL, 26, 0, 'uploads/produit/none_dLVAOjr.JPG'),
(177, 'Domaine Des maels minervois', 'Issu de la culture biologique', NULL, NULL, NULL, NULL, '2018-07-06', 8.5, 0, NULL, NULL, 6, 125, 3, NULL, 26, 0, 'uploads/produit/none_geg01Lj.JPG'),
(178, 'St Chinian tradition rouge 2014 ', '', NULL, NULL, NULL, NULL, '2018-07-06', 7.1, 0, NULL, NULL, 2, 125, 3, NULL, 26, 0, 'uploads/produit/Domaine-La-croix-Sainte-Eulalie0.JPG'),
(179, 'St Chinian armandelis 2013', 'Accod : viande rouge', NULL, NULL, NULL, NULL, '2018-07-06', 11, 0, NULL, NULL, 3, 125, 3, NULL, 26, 0, 'uploads/produit/Domaine-La-cr0.JPG'),
(180, 'St Chinian tradition blanc  domaine la croix sainte eulalie', 'Accords:poisson ,aperitif', NULL, NULL, NULL, NULL, '2018-07-06', 6.5, 0, NULL, NULL, 6, 125, 3, NULL, 26, 0, 'uploads/produit/Domaine-La-croix-Sainte-Eulalie1.JPG'),
(181, 'Domaine la croix sainte eulalie saint-Chinian rose', 'Accord :charcuterie,apéritif,barbecue,salade', NULL, NULL, NULL, NULL, '2018-07-06', 7.1, 0, NULL, NULL, 6, 125, 3, NULL, 26, 0, 'uploads/produit/Domaine-La-croix-Sainte-Eulalie-Saint-Chinian0.JPG'),
(182, 'Languedoc Reserve chateau d\'assas 2011', 'Accord :viande rouge ,gibiers', NULL, NULL, NULL, NULL, '2018-07-06', 9.3, 0, NULL, NULL, 3, 125, 3, NULL, 26, 0, 'uploads/produit/Gres-De-Monpellier-Chateau-dAssas0.JPG'),
(183, 'Chardonnay Rouquet\'s', '', NULL, NULL, NULL, NULL, '2018-07-06', 4.3, 0, NULL, NULL, 1, 125, 3, NULL, 26, 0, 'uploads/produit/Chardonnay-Rouquets0.JPG'),
(184, 'Viognier Rouquet\'s', '', NULL, NULL, NULL, NULL, '2018-07-06', 4.3, 0, NULL, NULL, 0, 125, 3, NULL, 26, 0, 'uploads/produit/Viognier-Rouquets0.JPG'),
(185, 'Mas Belles eaux blanc', 'Accord :poisson ', NULL, NULL, NULL, NULL, '2018-07-06', 9.9, 0, NULL, NULL, 0, 125, 3, NULL, 26, 0, 'uploads/produit/Mas-Belles-Eaux0.JPG'),
(186, 'Rosé Château belles eaux', 'Accords :tapas, plats épicés.', NULL, NULL, NULL, NULL, '2018-07-06', 9.2, 0, NULL, NULL, 0, 125, 3, NULL, 26, 0, 'uploads/produit/Chateau-Belles-Eaux-0.JPG'),
(187, 'Chinon Couly dutheil  2013', 'Accords: barbecue ,volailles.', NULL, NULL, NULL, NULL, '2018-07-06', 9.7, 0, NULL, NULL, 2, 125, 3, NULL, 27, 0, 'uploads/produit/Chinion0.JPG'),
(188, 'Reuilly Rose', '', NULL, NULL, NULL, NULL, '2018-07-06', 9.1, 0, NULL, NULL, 0, 125, 3, NULL, 27, 0, 'uploads/produit/Reuilly-0.JPG'),
(189, 'Quincy Tradition', 'Accords:viande blanche ,poisson,apéritif', NULL, NULL, NULL, NULL, '2018-07-06', 8.9, 0, NULL, NULL, 6, 125, 3, NULL, 27, 0, 'uploads/produit/Quincy0.JPG'),
(190, 'Domaines Des forges sauvignon', '', NULL, NULL, NULL, NULL, '2018-07-06', 4.95, 0, NULL, NULL, 4, 125, 3, NULL, 27, 0, 'uploads/produit/Domaines-des-Forges-Sauvignon0.JPG'),
(191, 'Domaines Des forges chardonnay', '', NULL, NULL, NULL, NULL, '2018-07-06', 4.95, 0, NULL, NULL, 12, 125, 3, NULL, 27, 0, 'uploads/produit/Domaines-des-Forges-Chardonnay0.JPG'),
(192, ' Anjou blanc domaines des forges l\'audace', 'Vin blanc sec 100% chenin,\r\nà carafer 2 h avant consommation', NULL, NULL, NULL, NULL, '2018-07-06', 7.95, 0, NULL, NULL, 6, 125, 3, 5, 27, 0, 'uploads/produit/Domaines-des-Forges-Laudace0.JPG'),
(193, ' Savennieres le moulin du gué du domaine des forges', '100% chenin.\r\nvendanges manuelles.\r\na carafer et servir à 10-12 degrés.\r\nmerveilleux compagnon des poissons en sauce.', NULL, NULL, NULL, NULL, '2018-07-06', 11.6, 0, NULL, NULL, 6, 125, 3, NULL, 27, 0, 'uploads/produit/Le-Moulin-du-gue-du-domaine-des-forges0.JPG'),
(194, 'Anjou 3c du domaines des forges 2015', 'Cépages: 60% cabernet sauvignon, 40% cabernet franc.\r\nvendanges manuelles\r\nnotes épicées.', NULL, NULL, NULL, NULL, '2018-07-06', 9.9, 0, NULL, NULL, 3, 125, 3, NULL, 27, 0, 'uploads/produit/Les-3C-du-domaines-des-Forges0.JPG'),
(195, 'Rosé Délice d\'été  cabernet d\'anjou', '', NULL, NULL, NULL, NULL, '2018-07-06', 6.7, 0, NULL, NULL, 0, 125, 3, NULL, 27, 0, 'uploads/produit/Delice-dete0.JPG'),
(197, 'Côteaux Du layon passavant bio', 'Issu de la culture biologique\r\ncépage chenin\r\naccords:apéritif, foie gras, fromages bleus.', NULL, NULL, NULL, NULL, '2018-07-06', 14.5, 0, NULL, NULL, 18, 125, 3, NULL, 27, 0, 'uploads/produit/Chateau-de-Passavant0.JPG'),
(198, 'Saumur Champigny domaine des sanzay', '', NULL, NULL, NULL, NULL, '2018-07-06', 8.5, 0, NULL, NULL, 2, 125, 3, NULL, 27, 0, 'uploads/produit/Saumur-Champigny-domaine-des-sanzay1.JPG'),
(199, ' Côtes du rhône réserve grand veneur 2016', 'Une véritable expression du terroir d\'origine', NULL, NULL, NULL, NULL, '2018-07-06', 8.8, 0, NULL, NULL, 18, 125, 3, NULL, 28, 0, 'uploads/produit/Reserve-Grand-Veneur0.JPG'),
(200, 'Côtes Du rhône champauvins 2015', 'Issu de la culture biologique\r\nbien que classée côtes du rhône, cette cuvée est souvent comparée aux grands vins de la région.\r\n', NULL, NULL, NULL, NULL, '2018-07-06', 12, 0, NULL, NULL, 18, 125, 3, NULL, 28, 0, 'uploads/produit/Domaine-Grand-Veneur-Les-Champauvins0.JPG'),
(201, 'Lirac Roquedon 2013', '', NULL, NULL, NULL, NULL, '2018-07-06', 12, 0, NULL, NULL, 6, 125, 3, NULL, 28, 0, 'uploads/produit/Roquedon-Lirac0.JPG'),
(202, 'Vacqueyras Grande garrigue 2015', 'Accord: viande rouge,gibiers', NULL, NULL, NULL, NULL, '2018-07-06', 15.2, 0, NULL, NULL, 18, 125, 3, NULL, 28, 0, 'uploads/produit/Grande-Garrigue0.JPG'),
(203, 'Terrasses De montmirail gigondas', '', NULL, NULL, NULL, NULL, '2018-07-06', 18.8, 0, NULL, NULL, 12, 125, 3, NULL, 28, 0, 'uploads/produit/Terrasses-de-Montmirail-Gigondas0.JPG'),
(204, 'Domaine Grand veneur blanc de viognier', 'Issu de la culture biologique\r\naccord:poisson en sauce,apéritif', NULL, NULL, NULL, NULL, '2018-07-06', 13.3, 0, NULL, NULL, 6, 125, 3, NULL, 28, 0, 'uploads/produit/Domaine-Grand-Veneur-Blanc-de-Viognier0.JPG'),
(205, 'Rosé Cotes du rhône ', 'Issu de la culture biologique', NULL, NULL, NULL, NULL, '2018-07-06', 8.8, 0, NULL, NULL, 2, 125, 3, NULL, 28, 0, 'uploads/produit/none_u7yihKt.JPG'),
(206, 'Le Crétacé tavel', 'Accords:tajine agneau,coscous,', NULL, NULL, NULL, NULL, '2018-07-06', 12, 0, NULL, NULL, 6, 125, 3, NULL, 28, 0, 'uploads/produit/Le-cretace-Tavel0.JPG'),
(207, 'Chateuneuf Du pape mont redon 2009', 'Accords :viandes rouges, cassoulets.', NULL, NULL, NULL, NULL, '2018-07-06', 33, 0, NULL, NULL, 12, 125, 3, NULL, 28, 0, 'uploads/produit/Chateau-Mont-Redon0.JPG'),
(208, 'Cotes Du rhone mont redon ', '', NULL, NULL, NULL, NULL, '2018-07-06', 10.4, 0, NULL, NULL, 0, 125, 3, NULL, 28, 0, 'uploads/produit/Chateau-Mont-Redon1.JPG'),
(209, ' Chateauneuf du pape 2012', 'Domaine mathieu 2012\r\nrobe rubis , notes de fruits noirs et d\'épices,\r\nouvrir 2 à 3 heures avant consommation, \r\nservir à 18 degrés', NULL, NULL, NULL, NULL, '2018-07-06', 25, 0, NULL, NULL, 5, 125, 3, NULL, 28, 0, 'uploads/produit/Domaine-Mathieu-Chateauneuf-du-pape0.JPG'),
(210, 'Crozes-Hermitage ', '', NULL, NULL, NULL, NULL, '2018-07-06', 20, 0, NULL, NULL, 0, 125, 3, NULL, 28, 0, 'uploads/produit/Crozes-Hermitage-0.JPG'),
(211, 'Mini Madeleine citron', '', NULL, NULL, NULL, NULL, '2018-07-06', 4.95, 0, NULL, NULL, 0, 26, 7, 6, 30, 1, 'uploads/produit/Mini-Madeleine-Citron0.JPG'),
(212, 'Cookie', '', NULL, NULL, NULL, NULL, '2018-07-06', 4.95, 0, NULL, NULL, 0, 22, 7, 7, 30, 1, 'uploads/produit/Cookie0.JPG'),
(213, 'Meringues', '', NULL, NULL, NULL, NULL, '2018-07-06', 2.95, 0, NULL, NULL, 0, 10600, 7, 7, 30, 1, 'uploads/produit/Meringues0.JPG'),
(214, 'Croquants Pommes caramel amandes', '', NULL, NULL, NULL, NULL, '2018-07-06', 4.95, 0, NULL, NULL, 0, 11, 7, NULL, 30, 1, 'uploads/produit/Croquants-Pommes-Caramel-Amandes0.JPG'),
(215, 'Croquants Pépites de chocolat et écorces d\'orange', '', NULL, NULL, NULL, NULL, '2018-07-06', 3.95, 0, NULL, NULL, 0, 12, 7, NULL, 30, 1, 'uploads/produit/Croquants-Pepites-de-chocolat-et-ecorces-dorange0.JPG'),
(216, 'Les Croquants caramel', '', NULL, NULL, NULL, NULL, '2018-07-06', 3.95, 0, NULL, NULL, 0, 12, 7, NULL, 30, 1, 'uploads/produit/Les-croquants-Caramel0.JPG'),
(217, 'Le Craquant au caramel salé', '', NULL, NULL, NULL, NULL, '2018-07-06', 3.95, 0, NULL, NULL, 0, 12, 7, NULL, 30, 1, 'uploads/produit/Le-Craquant-au-Caramel-Sale0.JPG'),
(218, 'Noisettes Aux trois chocolats', '', NULL, NULL, NULL, NULL, '2018-07-06', 12, 0, NULL, NULL, 0, 22, 7, NULL, 29, 1, 'uploads/produit/Noisettes-aux-trois-chocolats0.JPG'),
(220, 'Carrés Chocolat noir', '', NULL, NULL, NULL, NULL, '2018-07-06', 5.2, 0, NULL, NULL, 0, 13, 7, NULL, 29, 1, 'uploads/produit/Carres-Chocolat-Noir0.JPG'),
(221, 'Tablette Chocolat lait', '', NULL, NULL, NULL, NULL, '2018-07-06', 4.8, 0, NULL, NULL, 0, 90, 7, NULL, 29, 1, 'uploads/produit/Tablette-Chocolat-Lait0.JPG'),
(222, 'Maxi Tablette', '', NULL, NULL, NULL, NULL, '2018-07-06', 12.5, 0, NULL, NULL, 0, 63, 7, NULL, 29, 1, 'uploads/produit/Maxi-Tablette0.JPG'),
(223, 'Chocolat Au lait', '', NULL, NULL, NULL, NULL, '2018-07-06', 6.7, 0, NULL, NULL, 0, 29, 7, 8, 29, 1, 'uploads/produit/Chocolat-au-lait0.JPG'),
(224, 'Chocolat Noir', '', NULL, NULL, NULL, NULL, '2018-07-06', 6.7, 0, NULL, NULL, 0, 28, 7, NULL, 29, 1, 'uploads/produit/Chocolat-noir0.JPG'),
(225, 'Palets Chocolat noir piment d\'espelette', '', NULL, NULL, NULL, NULL, '2018-07-06', 5.7, 0, NULL, NULL, 0, 26, 7, NULL, 29, 1, 'uploads/produit/Palets-Chocolat-Noir-Piment-despelette0.JPG'),
(226, 'Palets Chocolat au lait piment d\'espelette', '', NULL, NULL, NULL, NULL, '2018-07-06', 5.7, 0, NULL, NULL, 0, 26, 7, NULL, 29, 1, 'uploads/produit/Palets-Chocolat-Blanc-Piment-despelette0.JPG'),
(227, 'Palets Chocolat lait', '', NULL, NULL, NULL, NULL, '2018-07-06', 5.5, 0, NULL, NULL, 0, 26, 7, NULL, 29, 1, 'uploads/produit/Palets-Chocolat-Lait0.JPG'),
(228, 'Palets Chocolat noir ', '', NULL, NULL, NULL, NULL, '2018-07-06', 5.5, 0, NULL, NULL, 0, 26, 7, NULL, 29, 1, 'uploads/produit/Palets-Chocolat-Noir-0.JPG'),
(229, 'Tablette Chocolat noir 70%', '', NULL, NULL, NULL, NULL, '2018-07-06', 4.3, 0, NULL, NULL, 0, 96, 7, NULL, 29, 1, 'uploads/produit/Tablette-Chocolat-Noir-700.JPG'),
(230, 'Tablette Chocolat noir 74%', '', NULL, NULL, NULL, NULL, '2018-07-06', 4.3, 0, NULL, NULL, 0, 88, 7, NULL, 29, 1, 'uploads/produit/Tablette-Chocolat-Noir-740.JPG'),
(231, 'Confiture Framboise à la violette', '', NULL, NULL, NULL, NULL, '2018-07-06', 3.8, 0, NULL, NULL, 0, 27, 7, NULL, 31, 1, 'uploads/produit/Confiture-Framboise-a-la-violette0.JPG'),
(232, 'Confiture Fraise', '', NULL, NULL, NULL, NULL, '2018-07-06', 5.35, 0, NULL, NULL, 0, 55, 7, NULL, 31, 1, 'uploads/produit/Confiture-Fraise0.JPG'),
(233, 'Confiture Fraise au coquelicot', '', NULL, NULL, NULL, NULL, '2018-07-06', 5.35, 0, NULL, NULL, 0, 55, 7, NULL, 31, 1, 'uploads/produit/Confiture-Fraise-au-Coquelicot0.JPG'),
(234, 'Confiture Rhubarbe et cassis', '', NULL, NULL, NULL, NULL, '2018-07-06', 3.8, 0, NULL, NULL, 0, 55, 7, NULL, 31, 1, 'uploads/produit/Confiture-Rhubarbe-et-Cassis0.JPG'),
(236, 'Joli Mois de mai fraise, passion, fève de tonka', '', NULL, NULL, NULL, NULL, '2018-07-06', 3.8, 0, NULL, NULL, 0, 27, 7, NULL, 31, 1, 'uploads/produit/Joli-mois-de-Mai-fraise-passion-feve-de-tonka0.JPG'),
(237, '1,2,3 Soleil orange, citron, pomelos', '', NULL, NULL, NULL, NULL, '2018-07-06', 3.8, 0, NULL, NULL, 0, 27, 7, NULL, 31, 1, 'uploads/produit/123-Soleil-Orange-Citron-Pomelos0.JPG'),
(238, 'Clémentine De corse', '', NULL, NULL, NULL, NULL, '2018-07-06', 3.8, 0, NULL, NULL, 0, 27, 7, NULL, 31, 1, 'uploads/produit/Clementine-de-Corse0.JPG'),
(239, 'Automne Coing, pomme, poire, épices', '', NULL, NULL, NULL, NULL, '2018-07-06', 3.8, 0, NULL, NULL, 0, 27, 7, NULL, 31, 1, 'uploads/produit/Automne-Coing-Pomme-Poire-epices0.JPG'),
(240, 'Cerise Noire', '', NULL, NULL, NULL, NULL, '2018-07-06', 3.8, 0, NULL, NULL, 0, 27, 7, NULL, 31, 1, 'uploads/produit/Cerise-Noire0.JPG'),
(241, 'Il Était une fois fraise, framboise, cerise, groseille', '', NULL, NULL, NULL, NULL, '2018-07-06', 5.35, 0, NULL, NULL, 0, 55, 7, NULL, 31, 1, 'uploads/produit/Il-etait-une-fois-fraise-framboise-cerise-groseille0.JPG'),
(242, 'Miel De châtaignier', '', NULL, NULL, NULL, NULL, '2018-07-06', 6.4, 0, NULL, NULL, 0, 38, 7, NULL, 32, 1, 'uploads/produit/Miel-de-Chataignier0.JPG'),
(243, 'Miel De fleurs', '', NULL, NULL, NULL, NULL, '2018-07-06', 6.4, 0, NULL, NULL, 0, 40, 7, NULL, 32, 1, 'uploads/produit/Miel-de-Fleurs0.JPG'),
(244, 'Miel De bruyères erica', '', NULL, NULL, NULL, NULL, '2018-07-06', 7.1, 0, NULL, NULL, 0, 39, 7, NULL, 32, 1, 'uploads/produit/Miel-de-Bruyeres-Erica0.JPG'),
(247, 'Miel De blé noir', '', NULL, NULL, NULL, NULL, '2018-07-06', 4.85, 0, NULL, NULL, 0, 22, 7, NULL, 32, 1, 'uploads/produit/Miel-de-Ble-Noir0.JPG'),
(248, 'Tagliatelle Nature', '', NULL, NULL, NULL, NULL, '2018-07-06', 3.5, 0, NULL, NULL, 0, 22, 6, NULL, 33, 1, 'uploads/produit/Tagliatelle-Nature0.JPG'),
(249, 'Fettucine Au piment d\'espelette', '', NULL, NULL, NULL, NULL, '2018-07-06', 4.5, 0, NULL, NULL, 0, 23, 6, NULL, 33, 1, 'uploads/produit/Fettucine-au-piment-despelette0.JPG'),
(250, 'Risone Nature', '', NULL, NULL, NULL, NULL, '2018-07-06', 3.5, 0, NULL, NULL, 0, 31, 6, NULL, 33, 1, 'uploads/produit/Risone-nature0.JPG'),
(251, 'Likenn Nature', '', NULL, NULL, NULL, NULL, '2018-07-06', 3.5, 0, NULL, NULL, 0, 27, 6, NULL, 33, 1, 'uploads/produit/Likenn-Nature0.JPG'),
(252, 'Rozenn Nature', '', NULL, NULL, NULL, NULL, '2018-07-06', 3.5, 0, NULL, NULL, 0, 27, 6, NULL, 33, 1, 'uploads/produit/Rozenn-Nature0.JPG'),
(253, 'Feltuccine Au sarrasin', '', NULL, NULL, NULL, NULL, '2018-07-06', 4.5, 0, NULL, NULL, 0, 23, 6, NULL, 33, 1, 'uploads/produit/Feltuccine-au-Sarrasin0.JPG'),
(254, 'Feltuccine Aux cépes', '', NULL, NULL, NULL, NULL, '2018-07-06', 4.5, 0, NULL, NULL, 0, 23, 6, NULL, 33, 1, 'uploads/produit/Feltuccine-aux-cepes0.JPG'),
(255, 'Feltuccine Au noir de sépia', '', NULL, NULL, NULL, NULL, '2018-07-06', 4.5, 0, NULL, NULL, 0, 23, 6, NULL, 33, 1, 'uploads/produit/Feltuccine-au-noir-de-Sepia0.JPG'),
(256, 'Likenn Aux 5 saveurs', '', NULL, NULL, NULL, NULL, '2018-07-06', 4.5, 0, NULL, NULL, 0, 26, 6, NULL, 33, 1, 'uploads/produit/Likenn-aux-5-saveurs0.JPG'),
(257, 'Rillettes De hareng fume aux tomates confites', '', NULL, NULL, NULL, NULL, '2018-07-06', 3.75, 0, NULL, NULL, 0, 21, 6, NULL, 34, 1, 'uploads/produit/Rillettes-de-Hareng-Fume-aux-tomates-Confites0.JPG'),
(258, 'Rillettes De st jacques aux algues', '', NULL, NULL, NULL, NULL, '2018-07-06', 5, 0, NULL, NULL, 0, 21, 6, NULL, 34, 1, 'uploads/produit/Rillettes-de-St-Jacques-aux-algues0.JPG'),
(259, 'Rillettes De maquereau fume au poivre', '', NULL, NULL, NULL, NULL, '2018-07-06', 4.5, 0, NULL, NULL, 0, 20, 6, NULL, 34, 1, 'uploads/produit/Rillettes-de-maquereau-fume-au-poivre0.JPG'),
(260, 'Rillettes De bar sauvage a la fleur de sel', '', NULL, NULL, NULL, NULL, '2018-07-06', 6.4, 0, NULL, NULL, 0, 21, 6, NULL, 34, 1, 'uploads/produit/Rillettes-de-bar-sauvage-a-la-fleur-de-sel0.JPG'),
(261, 'Rillettes De saumon aux algues', '', NULL, NULL, NULL, NULL, '2018-07-06', 4.2, 0, NULL, NULL, 0, 21, 6, NULL, 34, 1, 'uploads/produit/Rillettes-de-saumon-aux-algues0.JPG'),
(262, 'Rillettes De sardine', '', NULL, NULL, NULL, NULL, '2018-07-06', 3.4, 0, NULL, NULL, 0, 2100, 6, NULL, 34, 1, 'uploads/produit/Rillettes-de-sardine0.JPG'),
(263, 'Soupe De poissons', '', NULL, NULL, NULL, NULL, '2018-07-06', 4.1, 0, NULL, NULL, 0, 112, 6, NULL, 34, 1, 'uploads/produit/Soupe-de-poissons0.JPG'),
(264, 'Soupe 3 poissons aux algues', '', NULL, NULL, NULL, NULL, '2018-07-06', 3.2, 0, NULL, NULL, 0, 71, 6, NULL, 34, 1, 'uploads/produit/Soupe-3-poissons-aux-algues0.JPG'),
(265, 'Bisque De langoustine aux algues', '', NULL, NULL, NULL, NULL, '2018-07-06', 3.4, 0, NULL, NULL, 0, 70, 6, NULL, 34, 1, 'uploads/produit/Bisque-de-langoustine-aux-algues0.JPG'),
(266, 'Salicornes En marinade', '', NULL, NULL, NULL, NULL, '2018-07-06', 4.7, 0, NULL, NULL, 0, 31, 6, NULL, 34, 1, 'uploads/produit/Salicornes-en-marinade0.JPG'),
(267, 'Saveurs D\'artichaut du léon', '', NULL, NULL, NULL, NULL, '2018-07-06', 4.55, 0, NULL, NULL, 0, 21, 6, NULL, 34, 1, 'uploads/produit/Saveurs-dartichaut-du-leon0.JPG'),
(268, 'Saveurs de chou-Fleur a l\'andouille', '', NULL, NULL, NULL, NULL, '2018-07-06', 3.35, 0, NULL, NULL, 0, 21, 6, NULL, 34, 1, 'uploads/produit/Saveurs-de-chou-fleur-a-landouille0.JPG'),
(269, 'Saveurs De petit pois', '', NULL, NULL, NULL, NULL, '2018-07-06', 3.35, 0, NULL, NULL, 0, 20, 6, NULL, 34, 1, 'uploads/produit/Saveurs-de-petit-pois0.JPG'),
(270, 'Saveurs De potimarron du léon', '', NULL, NULL, NULL, NULL, '2018-07-06', 3.35, 0, NULL, NULL, 0, 21, 6, NULL, 34, 1, 'uploads/produit/Saveurs-de-potimarron-du-Leon0.JPG'),
(271, 'Saveurs De tomates confites', '', NULL, NULL, NULL, NULL, '2018-07-06', 3.85, 0, NULL, NULL, 0, 21, 6, NULL, 34, 1, 'uploads/produit/Saveurs-de-tomates-confites0.JPG'),
(272, 'Rillettes De st jacques au lard', '', NULL, NULL, NULL, NULL, '2018-07-06', 3.4, 0, NULL, NULL, 0, 21, 6, NULL, 34, 1, 'uploads/produit/Rillettes-de-St-Jacques-au-Lard0.JPG'),
(273, 'Tartare D\'algues', '', NULL, NULL, NULL, NULL, '2018-07-06', 3.5, 0, NULL, NULL, 0, 21, 6, NULL, 34, 1, 'uploads/produit/Tartare-dAlgues0.JPG'),
(274, 'Rillettes De lotte aux agrumes', '', NULL, NULL, NULL, NULL, '2018-07-06', 5.5, 0, NULL, NULL, 0, 29, 6, NULL, 34, 1, 'uploads/produit/Rillettes-de-Lotte-aux-Agrumes0.JPG'),
(277, 'Rillettes De maquereaux façon boucane', '', NULL, NULL, NULL, NULL, '2018-07-06', 0, 0, NULL, NULL, 0, 0, 6, NULL, 34, 1, 'uploads/produit/Rillettes-de-Maquereaux-facon-Boucane0.JPG'),
(278, 'Rillettes De sardines aux tomates confites', '', NULL, NULL, NULL, NULL, '2018-07-06', 3.4, 0, NULL, NULL, 0, 21, 6, NULL, 34, 1, 'uploads/produit/Rillettes-de-sardines-aux-tomates-confites0.JPG'),
(279, 'Cuisses De canard confites', '', NULL, NULL, NULL, NULL, '2018-07-06', 9.5, 0, NULL, NULL, 0, 123, 6, NULL, 35, 1, 'uploads/produit/Cuisses-de-canard-Confites0.JPG'),
(280, 'Cassoulet Au confit de canard', '', NULL, NULL, NULL, NULL, '2018-07-06', 6.2, 0, NULL, NULL, 0, 82, 6, NULL, 35, 1, 'uploads/produit/Cassoulet-au-confit-de-canard0.JPG');
INSERT INTO `magasin_produit` (`id`, `nom`, `description`, `cepage`, `notes_degustation`, `accords`, `temperature`, `date_ajout`, `prix`, `est_promo`, `debut_promo`, `fin_promo`, `stock`, `poid`, `categorie_id`, `marque_id`, `sous_categorie_id`, `type_id`, `photo`) VALUES
(281, 'Foie Gras de canard entier à la fleur de sel', '', NULL, NULL, NULL, NULL, '2018-07-06', 18.5, 0, NULL, NULL, 0, 51, 6, NULL, 35, 1, 'uploads/produit/Foie-gras-de-canard-entier-a-la-fleur-de-sel0.JPG'),
(282, 'Bloc De foie gras de canard', '', NULL, NULL, NULL, NULL, '2018-07-06', 9.5, 0, NULL, NULL, 0, 24, 6, NULL, 35, 1, 'uploads/produit/Bloc-de-foie-gras-de-canard0.JPG'),
(283, 'Délice De canard ', '', NULL, NULL, NULL, NULL, '2018-07-06', 3.95, 0, NULL, NULL, 0, 27, 6, NULL, 35, 1, 'uploads/produit/Delice-de-canard-0.JPG'),
(284, 'Terrine D\'oie aux fruits rouges', '', NULL, NULL, NULL, NULL, '2018-07-06', 4.4, 0, NULL, NULL, 0, 34, 6, NULL, 35, 1, 'uploads/produit/Terrine-doie-aux-fruits-rouges0.JPG'),
(285, 'Terrine De pintade aux girolles', '', NULL, NULL, NULL, NULL, '2018-07-06', 5.55, 0, NULL, NULL, 0, 34, 17, NULL, 50, 1, 'uploads/produit/Terrine-de-pintade-aux-girolles0.JPG'),
(286, 'Rillettes De canard au foie gras', '', NULL, NULL, NULL, NULL, '2018-07-06', 5.9, 0, NULL, NULL, 0, 34, 6, NULL, 35, 1, 'uploads/produit/Rillettes-de-canard-au-foie-gras0.JPG'),
(287, 'Rillettes D\'oie', '', NULL, NULL, NULL, NULL, '2018-07-06', 5.75, 0, NULL, NULL, 0, 34, 6, NULL, 35, 1, 'uploads/produit/Rillettes-doie0.JPG'),
(288, 'Paté À l\'andouille', '', NULL, NULL, NULL, NULL, '2018-07-06', 3.95, 0, NULL, NULL, 0, 22, 6, NULL, 35, 1, 'uploads/produit/Pate-a-landouille0.JPG'),
(289, 'Rillettes De porcs', '', NULL, NULL, NULL, NULL, '2018-07-06', 4.9, 0, NULL, NULL, 0, 35, 6, NULL, 35, 1, 'uploads/produit/Rillettes-de-porcs0.JPG'),
(290, 'Rillettes Au wakamé', '', NULL, NULL, NULL, NULL, '2018-07-06', 3.95, 0, NULL, NULL, 0, 22, 6, NULL, 35, 1, 'uploads/produit/Rillettes-au-wakame0.JPG'),
(291, 'Rillettes Au cidre', '', NULL, NULL, NULL, NULL, '2018-07-06', 3.95, 0, NULL, NULL, 0, 22, 6, NULL, 35, 1, 'uploads/produit/Rillettes-au-cidre0.JPG'),
(293, 'Rillettes Pur autruche au piment d\'espellette', '', NULL, NULL, NULL, NULL, '2018-07-06', 5, 0, NULL, NULL, 0, 21, 6, NULL, 35, 1, 'uploads/produit/Rillettes-pur-autruche0.JPG'),
(294, 'Rillettes Pur autruche aux algues', '', NULL, NULL, NULL, NULL, '2018-07-06', 5, 0, NULL, NULL, 0, 21, 6, NULL, 35, 1, 'uploads/produit/Rillettes-pur-autruche-aux-algues0.JPG'),
(295, 'Rillettes Pur autruche au pommeau de bretagne', '', NULL, NULL, NULL, NULL, '2018-07-06', 5, 0, NULL, NULL, 0, 21, 6, NULL, 35, 1, 'uploads/produit/Rillettes-pur-autruche-au-pommeau-de-Bretagne0.JPG'),
(296, 'Rillettes De canard au magret fumé', '', NULL, NULL, NULL, NULL, '2018-07-06', 4.25, 0, NULL, NULL, 0, 34, 6, NULL, 35, 1, 'uploads/produit/Rillettes-de-canard-au-magret-fume0.JPG'),
(298, 'Crémant De loire', '', NULL, NULL, NULL, NULL, '2018-07-06', 8.8, 0, NULL, NULL, 6, 125, 2, NULL, 19, 0, 'uploads/produit/Cremant-de-Loire0.JPG'),
(299, 'Whisky Flatnose écossais', 'Bouche :céréales,épicé ', NULL, NULL, NULL, NULL, '2018-07-06', 33, 0, NULL, NULL, 1, 144, 1, NULL, 18, 0, 'uploads/produit/WHISKY-FLATNOSE0.JPG'),
(300, 'Rhum Naga', '', NULL, NULL, NULL, NULL, '2018-07-06', 39, 0, NULL, NULL, 0, 144, 17, NULL, 50, 0, 'uploads/produit/rhum-Naga0.JPG'),
(301, 'Clairette De die', '', NULL, NULL, NULL, NULL, '2018-07-06', 8, 0, NULL, NULL, 6, 150, 2, NULL, 19, 0, 'uploads/produit/Clairette-De-die0.JPG'),
(302, 'Fuji-Sanroku japonais', 'Whisky japonais 50 degres\r\nfuji-sanroku est une exclusivité japonaise lancée en mars 2016. cette spécificité lui apporte des aromes de fruits cuits.', NULL, NULL, NULL, NULL, '2018-07-06', 43, 0, NULL, NULL, 6, 145, 1, NULL, 18, 0, 'uploads/produit/Fuji-Sanroku-japonais0.JPG'),
(303, 'Rhum Naga indonesie', 'En bouche:souple ,douce,épicée.', NULL, NULL, NULL, NULL, '2018-07-06', 39, 0, NULL, NULL, 2, 145, 1, NULL, 13, 0, 'uploads/produit/Rhum-Naga-indonesie0.JPG'),
(304, 'Domaine Rety 2015 l\'insolente roussillon 3 étoiles guide hachette 2018', 'Le domaine rety vient de recevoir 3 étoiles dans le nouveau guide hachette des vins 2018.le vin rouge primé est le cote du roussillon l\'insolente millésimé\r\n2015 qui a reçu une note de 5 sur 5 soit \r\n3 étoiles vin exceptionnel .\r\naccords:viande blanche,viande rouge.\r\n\r\n\r\n', NULL, NULL, NULL, NULL, '2018-07-06', 13.9, 0, NULL, NULL, 12, 144, 3, NULL, 48, 0, 'uploads/produit/Domaine-Rety-2015-linsolente-Roussillon-3-etoiles-guide-hachette-20180.JPG'),
(305, 'Reuilly Blanc', 'Accords:apéritif,poisson ,crottin de chevre', NULL, NULL, NULL, NULL, '2018-07-06', 9.1, 0, NULL, NULL, 48, 144, 3, NULL, 27, 0, 'uploads/produit/Reuilly-Blanc0.JPG'),
(306, ' Pauillac tour pibran 6 bouteilles 75cl dont 2 gratuites', '', NULL, NULL, NULL, NULL, '2018-07-06', 114, 0, NULL, NULL, 5, 870, 3, NULL, 20, 0, 'uploads/produit/none_vB3jk58.JPG'),
(307, 'Rhum Coloma 8 ans', 'Rhum coloma 8 ans est un rhum de colombie élaboré à partir de jus de canne à sucres deux variétés différentes.\r\npossédant des aromes vanillés et légèrement orangé, on le compare au don papa.', NULL, NULL, NULL, NULL, '2018-07-06', 38, 0, NULL, NULL, 2, 144, 1, NULL, 13, 0, 'uploads/produit/Rhum-Coloma-8-Ans0.JPG'),
(308, 'Bunnahabhain Toiteach', 'Son nom, qui signifie fumé en gaélique,évoque la tourbe, bien présente qui n\'écrase en rien le caractère fruité de\r\nla distillerie bunnahabhain et l\'enrobé d\'une touche chocolatée.', NULL, NULL, NULL, NULL, '2018-07-06', 56, 0, NULL, NULL, 2, 144, 1, NULL, 18, 0, 'uploads/produit/Bunnahabhain-Toiteach0.JPG'),
(309, 'Flatnose Blended malt', 'Le tout nouveau flatnose blended malt est assemblé à partir de 100%de scotch single malt en provenance de chaque région de production,avec un accent sur\r\nceux provenant de l\'ile d\'islay,ainsi la tourbe est présente de manière douce\r\nmais persistante et équilibré par des saveurs délicates d\"e miel et citron confit.\r\n', NULL, NULL, NULL, NULL, '2018-07-06', 43, 0, NULL, NULL, 2, 144, 1, NULL, 18, 0, 'uploads/produit/Flatnose-Blended-Malt0.JPG'),
(310, 'Rhum Centenario 20 ans', 'Bouche:des notes de fruits murs,de pommes,et de cerise.', NULL, NULL, NULL, NULL, '2018-07-06', 60, 0, NULL, NULL, 2, 144, 1, NULL, 13, 0, 'uploads/produit/RHUM-CENTENARIO-20-ANS0.JPG'),
(311, 'Test', '', NULL, NULL, NULL, NULL, '2018-07-06', 5, 0, NULL, NULL, 5, 500, 1, NULL, 50, 1, 'uploads/produit/none_g4attXu.JPG'),
(312, 'Magnum Domaine rety 2016 souffle d\'or', 'Cépages:grenache,mourvèdre,syrah.\r\naccords mets et vin :viande rouge ,filet de boeuf.', NULL, NULL, NULL, NULL, '2018-07-06', 49.8, 0, NULL, NULL, 3, 370, 3, NULL, 48, 0, 'uploads/produit/Magnum-Domaine-RETY-2016-Souffle-DOr0.JPG'),
(313, '6 Bouteilles 75cl graves haut selve dont 2 offertes', '', NULL, NULL, NULL, NULL, '2018-07-06', 84, 0, NULL, NULL, 4, 950, 3, NULL, 20, 0, 'uploads/produit/6-bouteilles-75cl-Graves-Haut-Selve-dont-2-offertes0.JPG'),
(314, '6 Bouteilles 75cl chinien bergeron savoie dont 2 offertes', '', NULL, NULL, NULL, NULL, '2018-07-06', 96, 0, NULL, NULL, 4, 960, 3, NULL, 6, 0, 'uploads/produit/6-bouteilles-75cl-Chinien-Bergeron-dont-2-offertes0.JPG'),
(315, '6 Bouteilles 75cl fourcas hostein(listrac médoc) dont 2 offertes', '', NULL, NULL, NULL, NULL, '2018-07-06', 126, 0, NULL, NULL, 3, 800, 3, NULL, 20, 0, 'uploads/produit/6-bouteilles-75cl-Fourcas-HosteinListrac-Medoc-dont-2-offertes0.JPG'),
(316, '6 Bouteilles 75cl corbières haut gléon dont 2 offertes', '', NULL, NULL, NULL, NULL, '2018-07-06', 84, 0, NULL, NULL, 2, 860, 3, NULL, 26, 0, 'uploads/produit/6-bouteilles-75cl-Corbieres-Haut-Gleon-dont-2-offertes0.JPG'),
(317, 'Ventoux ', 'Accords: viande rouge,plat épicé.', NULL, NULL, NULL, NULL, '2018-07-06', 7.7, 0, NULL, NULL, 18, 160, 3, NULL, 28, 0, 'uploads/produit/VENTOUX-0.JPG'),
(318, 'Lirac rouge chateau mont-Redon', 'Accords:cote de boeuf ,cassoulet.', NULL, NULL, NULL, NULL, '2018-07-06', 17.8, 0, NULL, NULL, 2, 160, 3, NULL, 28, 0, 'uploads/produit/Lirac-rouge-Chateau-Mont-Redon0.JPG'),
(319, 'Chateauneuf du pape blanc mont-Redon', 'Accords:poisson,viande blanche,chapon,apéritif.', NULL, NULL, NULL, NULL, '2018-07-06', 31.6, 0, NULL, NULL, 5, 160, 3, NULL, 28, 0, 'uploads/produit/Chateauneuf-du-Pape-Blanc-Mont-Redon0.JPG'),
(320, 'Syrah 100% jean luc colombo', 'Accords:viande rouge.', NULL, NULL, NULL, NULL, '2018-07-06', 11, 0, NULL, NULL, 0, 160, 3, NULL, 28, 0, 'uploads/produit/Syrah-100-Jean-Luc-Colombo0.JPG'),
(321, 'Cornas Jean luc colombo', 'Accords:viande rouge,magret de canard.', NULL, NULL, NULL, NULL, '2018-07-06', 48, 0, NULL, NULL, 5, 160, 3, NULL, 28, 0, 'uploads/produit/Cornas-Jean-Luc-Colombo0.JPG'),
(322, 'Cote rotie jean-Luc colombo', 'Accords:viande rouge.', NULL, NULL, NULL, NULL, '2018-07-06', 55, 0, NULL, NULL, 4, 160, 3, NULL, 28, 0, 'uploads/produit/Cote-Rotie-Jean-Luc-Colombo0.JPG'),
(323, 'Chateau La mijane', 'Accords:gibier,viande rouge,fromage bleu.', NULL, NULL, NULL, NULL, '2018-07-06', 9, 0, NULL, NULL, 10, 160, 3, NULL, 28, 0, 'uploads/produit/Chateau-La-Mijane0.JPG'),
(325, 'Saint-Emilion grand cru classé 2015', '', NULL, NULL, NULL, NULL, '2018-07-06', 47.6, 0, NULL, NULL, 6, 160, 3, NULL, 20, 0, 'uploads/produit/SAINT-Emilion-Grand-Cru-Classe-20150.JPG'),
(326, 'Pomerol Chateau la croix', '', NULL, NULL, NULL, NULL, '2018-07-06', 39.5, 0, NULL, NULL, 6, 160, 3, NULL, 20, 0, 'uploads/produit/Pomerol-Chateau-La-Croix0.JPG'),
(327, 'Moulis Chateau mauvesin barton', '', NULL, NULL, NULL, NULL, '2018-07-06', 23, 0, NULL, NULL, 6, 160, 3, NULL, 20, 0, 'uploads/produit/Moulis-Chateau-Mauvesin-Barton0.JPG'),
(328, 'Saint-Véran chateau de beauregard', 'Accords:poisson grillée,apéritif,poisson,\r\ncrustacés.', NULL, NULL, NULL, NULL, '2018-07-06', 19, 0, NULL, NULL, 12, 160, 3, NULL, 24, 0, 'uploads/produit/Saint-Veran-Chateau-de-Beauregard0.JPG'),
(329, 'Viré-Clessé joseph burrier', 'Accords:apéritif,poisson.', NULL, NULL, NULL, NULL, '2018-07-06', 20, 0, NULL, NULL, 6, 160, 3, NULL, 24, 0, 'uploads/produit/Vire-Clesse-Joseph-Burrier0.JPG'),
(330, 'Chinon Rouge bernard baudry', 'Accords:bar,lotte,viande en sauce.', NULL, NULL, NULL, NULL, '2018-07-06', 13.4, 0, NULL, NULL, 0, 160, 3, NULL, 27, 0, 'uploads/produit/Chinon-rouge-Bernard-Baudry0.JPG'),
(331, 'Chinon Blanc bernard baudry', 'Accords:poisson ,apéritif.', NULL, NULL, NULL, NULL, '2018-07-06', 15, 0, NULL, NULL, 6, 160, 3, NULL, 27, 0, 'uploads/produit/Chinon-Blanc-Bernard-Baudry0.JPG'),
(332, 'Fixin Rouge', 'Accord:gigot d\'agneau.', NULL, NULL, NULL, NULL, '2018-07-06', 26.8, 0, NULL, NULL, 4, 160, 3, NULL, 24, 0, 'uploads/produit/FIXIN-ROUGE0.JPG'),
(333, 'Roussanne Blanc', 'Accords:apéritif,poisson;viande blanche.', NULL, NULL, NULL, NULL, '2018-07-06', 7.5, 0, NULL, NULL, 6, 160, 3, NULL, 50, 0, 'uploads/produit/Roussanne-blanc0.JPG'),
(335, 'Minervois Rouge le clos du pech laurié', 'Accords:tajines,viandes d\'agneau,canard. ', NULL, NULL, NULL, NULL, '2018-07-06', 16.9, 0, NULL, NULL, 6, 160, 3, NULL, 49, 0, 'uploads/produit/Minervois-rouge-Le-Clos-du-Pech-Laurie0.JPG'),
(336, 'Minervois Rouge domaine des maels', 'Accords:grillades,cassoulet,fromages.', NULL, NULL, NULL, NULL, '2018-07-06', 8.5, 0, NULL, NULL, 0, 160, 3, NULL, 49, 0, 'uploads/produit/Minervois-rouge-Domaine-des-Maels0.JPG'),
(337, 'Domaine Rety souffle d\'or', 'Accords:viande rouge.', NULL, NULL, NULL, NULL, '2018-07-06', 16.9, 0, NULL, NULL, 6, 160, 3, NULL, 48, 0, 'uploads/produit/Domaine-Rety-Souffle-Dor0.JPG'),
(338, 'Legacy Roussillon blanc', 'Accords:huitres,apéritif.', NULL, NULL, NULL, NULL, '2018-07-06', 13.8, 0, NULL, NULL, 2, 160, 3, NULL, 48, 0, 'uploads/produit/Legacy-Roussillon-blanc0.JPG'),
(339, 'Champagne Jacquesson', '', NULL, NULL, NULL, NULL, '2018-07-06', 45, 0, NULL, NULL, 6, 170, 2, 9, 23, 0, 'uploads/produit/Champagne-Jacquesson0.JPG'),
(340, 'Writers Tears', 'Des notes épicés.', NULL, NULL, NULL, NULL, '2018-07-06', 41, 0, NULL, NULL, 2, 160, 1, 10, 18, 0, 'uploads/produit/WRITERS-TEARS0.JPG'),
(341, 'Coloma 15 ans', 'Vieilli pendant 15 ans dans des futs de chene américains,puis 6mois en futs de chene de café.', NULL, NULL, NULL, NULL, '2018-07-06', 54, 0, NULL, NULL, 1, 160, 1, NULL, 18, 0, 'uploads/produit/none_mTePWvH.JPG'),
(342, 'Diplomatico Collection ', '', NULL, NULL, NULL, NULL, '2018-07-06', 59, 0, NULL, NULL, 2, 160, 1, NULL, 13, 0, 'uploads/produit/Diplomatico-collection-0.JPG');

-- --------------------------------------------------------

--
-- Structure de la table `magasin_souscategorie`
--

DROP TABLE IF EXISTS `magasin_souscategorie`;
CREATE TABLE IF NOT EXISTS `magasin_souscategorie` (
  `id` int(11) NOT NULL AUTO_INCREMENT,
  `nom` varchar(30) NOT NULL,
  `categorie_id` int(11) NOT NULL,
  PRIMARY KEY (`id`),
  UNIQUE KEY `nom` (`nom`),
  KEY `magasin_souscategorie_categorie_id_ba5529aa` (`categorie_id`)
) ENGINE=MyISAM AUTO_INCREMENT=53 DEFAULT CHARSET=utf8;

--
-- Déchargement des données de la table `magasin_souscategorie`
--

INSERT INTO `magasin_souscategorie` (`id`, `nom`, `categorie_id`) VALUES
(1, 'Bière ambrée', 5),
(2, 'Bière blanche', 5),
(3, 'Bière blonde', 5),
(4, 'Bière brune', 5),
(5, 'Beaujolais', 3),
(6, 'Savoie', 3),
(7, 'Gascogne', 3),
(8, 'Provence', 3),
(9, 'Muscadet', 3),
(10, 'Cognac', 1),
(11, 'Jura', 3),
(12, 'Bière rousse', 5),
(13, 'Rhum', 1),
(14, 'Armagnac', 1),
(15, 'Tequila', 1),
(16, 'Gin', 1),
(18, 'Whisky', 1),
(19, 'Cremant', 2),
(20, 'Bordeaux', 3),
(21, 'Merlot', 3),
(22, 'Alsace', 3),
(23, 'Champagne', 2),
(24, 'Bourgogne', 3),
(25, 'Etrangers', 3),
(26, 'Languedoc', 3),
(27, 'Loire', 3),
(28, 'Rhône', 3),
(29, 'Chocolat', 7),
(30, 'Biscuit confiserie', 7),
(31, 'Confiture', 7),
(32, 'Miel', 7),
(33, 'Pâtes', 6),
(34, 'Produit de la mer', 6),
(35, 'Produit de la terre', 6),
(42, 'Autres', 2),
(43, 'Bergerac', 3),
(44, 'Gaillac', 3),
(48, 'Roussillon', 3),
(49, 'Minervois', 3),
(50, 'ERROR_SOUS', 17),
(51, 'Sud-ouest', 3),
(52, 'artisanal', 4);

-- --------------------------------------------------------

--
-- Structure de la table `magasin_typesproduit`
--

DROP TABLE IF EXISTS `magasin_typesproduit`;
CREATE TABLE IF NOT EXISTS `magasin_typesproduit` (
  `id` int(11) NOT NULL AUTO_INCREMENT,
  `nom` varchar(30) NOT NULL,
  PRIMARY KEY (`id`)
) ENGINE=MyISAM AUTO_INCREMENT=2 DEFAULT CHARSET=utf8;

--
-- Déchargement des données de la table `magasin_typesproduit`
--

INSERT INTO `magasin_typesproduit` (`id`, `nom`) VALUES
(0, 'alcool'),
(1, 'epicerie fine');

-- --------------------------------------------------------

--
-- Structure de la table `magasin_typesproduit_categories`
--

DROP TABLE IF EXISTS `magasin_typesproduit_categories`;
CREATE TABLE IF NOT EXISTS `magasin_typesproduit_categories` (
  `id` int(11) NOT NULL AUTO_INCREMENT,
  `typesproduit_id` int(11) NOT NULL,
  `categorie_id` int(11) NOT NULL,
  PRIMARY KEY (`id`),
  UNIQUE KEY `magasin_typesproduit_cat_typesproduit_id_categori_c9183085_uniq` (`typesproduit_id`,`categorie_id`),
  KEY `magasin_typesproduit_categories_typesproduit_id_865482ae` (`typesproduit_id`),
  KEY `magasin_typesproduit_categories_categorie_id_5abb0f77` (`categorie_id`)
) ENGINE=MyISAM AUTO_INCREMENT=13 DEFAULT CHARSET=utf8;

--
-- Déchargement des données de la table `magasin_typesproduit_categories`
--

INSERT INTO `magasin_typesproduit_categories` (`id`, `typesproduit_id`, `categorie_id`) VALUES
(1, 0, 1),
(2, 0, 2),
(3, 0, 3),
(4, 0, 4),
(5, 0, 5),
(6, 0, 15),
(7, 1, 6),
(8, 1, 7),
(9, 1, 8),
(10, 1, 9),
(11, 1, 12),
(12, 1, 16);

-- --------------------------------------------------------

--
-- Structure de la table `paypal_ipn`
--

DROP TABLE IF EXISTS `paypal_ipn`;
CREATE TABLE IF NOT EXISTS `paypal_ipn` (
  `id` int(11) NOT NULL AUTO_INCREMENT,
  `business` varchar(127) NOT NULL,
  `charset` varchar(255) NOT NULL,
  `custom` varchar(256) NOT NULL,
  `notify_version` decimal(64,2) DEFAULT NULL,
  `parent_txn_id` varchar(19) NOT NULL,
  `receiver_email` varchar(254) NOT NULL,
  `receiver_id` varchar(255) NOT NULL,
  `residence_country` varchar(2) NOT NULL,
  `test_ipn` tinyint(1) NOT NULL,
  `txn_id` varchar(255) NOT NULL,
  `txn_type` varchar(255) NOT NULL,
  `verify_sign` varchar(255) NOT NULL,
  `address_country` varchar(64) NOT NULL,
  `address_city` varchar(40) NOT NULL,
  `address_country_code` varchar(64) NOT NULL,
  `address_name` varchar(128) NOT NULL,
  `address_state` varchar(40) NOT NULL,
  `address_status` varchar(255) NOT NULL,
  `address_street` varchar(200) NOT NULL,
  `address_zip` varchar(20) NOT NULL,
  `contact_phone` varchar(20) NOT NULL,
  `first_name` varchar(64) NOT NULL,
  `last_name` varchar(64) NOT NULL,
  `payer_business_name` varchar(127) NOT NULL,
  `payer_email` varchar(127) NOT NULL,
  `payer_id` varchar(13) NOT NULL,
  `auth_amount` decimal(64,2) DEFAULT NULL,
  `auth_exp` varchar(28) NOT NULL,
  `auth_id` varchar(19) NOT NULL,
  `auth_status` varchar(255) NOT NULL,
  `exchange_rate` decimal(64,16) DEFAULT NULL,
  `invoice` varchar(127) NOT NULL,
  `item_name` varchar(127) NOT NULL,
  `item_number` varchar(127) NOT NULL,
  `mc_currency` varchar(32) NOT NULL,
  `mc_fee` decimal(64,2) DEFAULT NULL,
  `mc_gross` decimal(64,2) DEFAULT NULL,
  `mc_handling` decimal(64,2) DEFAULT NULL,
  `mc_shipping` decimal(64,2) DEFAULT NULL,
  `memo` varchar(255) NOT NULL,
  `num_cart_items` int(11) DEFAULT NULL,
  `option_name1` varchar(64) NOT NULL,
  `option_name2` varchar(64) NOT NULL,
  `payer_status` varchar(255) NOT NULL,
  `payment_date` datetime(6) DEFAULT NULL,
  `payment_gross` decimal(64,2) DEFAULT NULL,
  `payment_status` varchar(255) NOT NULL,
  `payment_type` varchar(255) NOT NULL,
  `pending_reason` varchar(255) NOT NULL,
  `protection_eligibility` varchar(255) NOT NULL,
  `quantity` int(11) DEFAULT NULL,
  `reason_code` varchar(255) NOT NULL,
  `remaining_settle` decimal(64,2) DEFAULT NULL,
  `settle_amount` decimal(64,2) DEFAULT NULL,
  `settle_currency` varchar(32) NOT NULL,
  `shipping` decimal(64,2) DEFAULT NULL,
  `shipping_method` varchar(255) NOT NULL,
  `tax` decimal(64,2) DEFAULT NULL,
  `transaction_entity` varchar(255) NOT NULL,
  `auction_buyer_id` varchar(64) NOT NULL,
  `auction_closing_date` datetime(6) DEFAULT NULL,
  `auction_multi_item` int(11) DEFAULT NULL,
  `for_auction` decimal(64,2) DEFAULT NULL,
  `amount` decimal(64,2) DEFAULT NULL,
  `amount_per_cycle` decimal(64,2) DEFAULT NULL,
  `initial_payment_amount` decimal(64,2) DEFAULT NULL,
  `next_payment_date` datetime(6) DEFAULT NULL,
  `outstanding_balance` decimal(64,2) DEFAULT NULL,
  `payment_cycle` varchar(255) NOT NULL,
  `period_type` varchar(255) NOT NULL,
  `product_name` varchar(255) NOT NULL,
  `product_type` varchar(255) NOT NULL,
  `profile_status` varchar(255) NOT NULL,
  `recurring_payment_id` varchar(255) NOT NULL,
  `rp_invoice_id` varchar(127) NOT NULL,
  `time_created` datetime(6) DEFAULT NULL,
  `amount1` decimal(64,2) DEFAULT NULL,
  `amount2` decimal(64,2) DEFAULT NULL,
  `amount3` decimal(64,2) DEFAULT NULL,
  `mc_amount1` decimal(64,2) DEFAULT NULL,
  `mc_amount2` decimal(64,2) DEFAULT NULL,
  `mc_amount3` decimal(64,2) DEFAULT NULL,
  `password` varchar(24) NOT NULL,
  `period1` varchar(255) NOT NULL,
  `period2` varchar(255) NOT NULL,
  `period3` varchar(255) NOT NULL,
  `reattempt` varchar(1) NOT NULL,
  `recur_times` int(11) DEFAULT NULL,
  `recurring` varchar(1) NOT NULL,
  `retry_at` datetime(6) DEFAULT NULL,
  `subscr_date` datetime(6) DEFAULT NULL,
  `subscr_effective` datetime(6) DEFAULT NULL,
  `subscr_id` varchar(19) NOT NULL,
  `username` varchar(64) NOT NULL,
  `case_creation_date` datetime(6) DEFAULT NULL,
  `case_id` varchar(255) NOT NULL,
  `case_type` varchar(255) NOT NULL,
  `receipt_id` varchar(255) NOT NULL,
  `currency_code` varchar(32) NOT NULL,
  `handling_amount` decimal(64,2) DEFAULT NULL,
  `transaction_subject` varchar(256) NOT NULL,
  `ipaddress` char(39) DEFAULT NULL,
  `flag` tinyint(1) NOT NULL,
  `flag_code` varchar(16) NOT NULL,
  `flag_info` longtext NOT NULL,
  `query` longtext NOT NULL,
  `response` longtext NOT NULL,
  `created_at` datetime(6) NOT NULL,
  `updated_at` datetime(6) NOT NULL,
  `from_view` varchar(6) DEFAULT NULL,
  `mp_id` varchar(128) DEFAULT NULL,
  `option_selection1` varchar(200) NOT NULL,
  `option_selection2` varchar(200) NOT NULL,
  PRIMARY KEY (`id`),
  KEY `paypal_ipn_txn_id_8fa22c44` (`txn_id`)
) ENGINE=MyISAM DEFAULT CHARSET=utf8;

-- --------------------------------------------------------

--
-- Structure de la table `user_user`
--

DROP TABLE IF EXISTS `user_user`;
CREATE TABLE IF NOT EXISTS `user_user` (
  `id` int(11) NOT NULL AUTO_INCREMENT,
  `password` varchar(128) NOT NULL,
  `last_login` datetime(6) DEFAULT NULL,
  `is_superuser` tinyint(1) NOT NULL,
  `username` varchar(150) NOT NULL,
  `first_name` varchar(30) NOT NULL,
  `last_name` varchar(150) NOT NULL,
  `email` varchar(254) NOT NULL,
  `is_staff` tinyint(1) NOT NULL,
  `is_active` tinyint(1) NOT NULL,
  `date_joined` datetime(6) NOT NULL,
  `rue` longtext NOT NULL,
  `ville` longtext NOT NULL,
  `code_postal` varchar(5) NOT NULL,
  `phone_number` varchar(12) NOT NULL,
  PRIMARY KEY (`id`),
  UNIQUE KEY `username` (`username`)
) ENGINE=MyISAM AUTO_INCREMENT=2 DEFAULT CHARSET=utf8;

--
-- Déchargement des données de la table `user_user`
--

INSERT INTO `user_user` (`id`, `password`, `last_login`, `is_superuser`, `username`, `first_name`, `last_name`, `email`, `is_staff`, `is_active`, `date_joined`, `rue`, `ville`, `code_postal`, `phone_number`) VALUES
(1, 'pbkdf2_sha256$100000$7J33nQQ5ZrWp$VZ5MzCbzT6sITmrjNS9yhl/AaMt6TLhDQlfPAMv2p3Y=', '2018-07-07 12:27:11.293036', 1, 'admin', '', '', '', 1, 1, '2018-07-04 16:04:16.000000', '', '', '', '');

-- --------------------------------------------------------

--
-- Structure de la table `user_user_groups`
--

DROP TABLE IF EXISTS `user_user_groups`;
CREATE TABLE IF NOT EXISTS `user_user_groups` (
  `id` int(11) NOT NULL AUTO_INCREMENT,
  `user_id` int(11) NOT NULL,
  `group_id` int(11) NOT NULL,
  PRIMARY KEY (`id`),
  UNIQUE KEY `user_user_groups_user_id_group_id_bb60391f_uniq` (`user_id`,`group_id`),
  KEY `user_user_groups_user_id_13f9a20d` (`user_id`),
  KEY `user_user_groups_group_id_c57f13c0` (`group_id`)
) ENGINE=MyISAM DEFAULT CHARSET=utf8;

-- --------------------------------------------------------

--
-- Structure de la table `user_user_user_permissions`
--

DROP TABLE IF EXISTS `user_user_user_permissions`;
CREATE TABLE IF NOT EXISTS `user_user_user_permissions` (
  `id` int(11) NOT NULL AUTO_INCREMENT,
  `user_id` int(11) NOT NULL,
  `permission_id` int(11) NOT NULL,
  PRIMARY KEY (`id`),
  UNIQUE KEY `user_user_user_permissions_user_id_permission_id_64f4d5b8_uniq` (`user_id`,`permission_id`),
  KEY `user_user_user_permissions_user_id_31782f58` (`user_id`),
  KEY `user_user_user_permissions_permission_id_ce49d4de` (`permission_id`)
) ENGINE=MyISAM DEFAULT CHARSET=utf8;

-- --------------------------------------------------------

--
-- Structure de la table `website_acceuilcard`
--

DROP TABLE IF EXISTS `website_acceuilcard`;
CREATE TABLE IF NOT EXISTS `website_acceuilcard` (
  `id` int(11) NOT NULL AUTO_INCREMENT,
  `nom` varchar(100) NOT NULL,
  `desc` longtext NOT NULL,
  PRIMARY KEY (`id`)
) ENGINE=MyISAM AUTO_INCREMENT=3 DEFAULT CHARSET=utf8;

--
-- Déchargement des données de la table `website_acceuilcard`
--

INSERT INTO `website_acceuilcard` (`id`, `nom`, `desc`) VALUES
(1, 'test', 'test'),
(2, 'test2', 'test');

-- --------------------------------------------------------

--
-- Structure de la table `website_boutiqueimage`
--

DROP TABLE IF EXISTS `website_boutiqueimage`;
CREATE TABLE IF NOT EXISTS `website_boutiqueimage` (
  `id` int(11) NOT NULL AUTO_INCREMENT,
  `image` varchar(100) NOT NULL,
  PRIMARY KEY (`id`)
) ENGINE=MyISAM AUTO_INCREMENT=3 DEFAULT CHARSET=utf8;

--
-- Déchargement des données de la table `website_boutiqueimage`
--

INSERT INTO `website_boutiqueimage` (`id`, `image`) VALUES
(1, 'uploads/boutique/IMG_1659.JPG'),
(2, 'uploads/boutique/ico-full_-79576.jpg');

-- --------------------------------------------------------

--
-- Structure de la table `website_cardimage`
--

DROP TABLE IF EXISTS `website_cardimage`;
CREATE TABLE IF NOT EXISTS `website_cardimage` (
  `id` int(11) NOT NULL AUTO_INCREMENT,
  `image` varchar(100) NOT NULL,
  `card_id` int(11) NOT NULL,
  PRIMARY KEY (`id`),
  KEY `website_cardimage_card_id_437afa0a` (`card_id`)
) ENGINE=MyISAM AUTO_INCREMENT=4 DEFAULT CHARSET=utf8;

--
-- Déchargement des données de la table `website_cardimage`
--

INSERT INTO `website_cardimage` (`id`, `image`, `card_id`) VALUES
(1, 'uploads/panier_image/IMG_0359_5j2h8Yn.JPG', 1),
(2, 'uploads/panier_image/IMG_0545_hd7fv4u.JPG', 1),
(3, 'uploads/panier_image/IMG_0926_EElmu00.JPG', 2);

-- --------------------------------------------------------

--
-- Structure de la table `website_diver`
--

DROP TABLE IF EXISTS `website_diver`;
CREATE TABLE IF NOT EXISTS `website_diver` (
  `id` int(11) NOT NULL AUTO_INCREMENT,
  `nom` varchar(100) NOT NULL,
  `data` longtext NOT NULL,
  PRIMARY KEY (`id`)
) ENGINE=MyISAM AUTO_INCREMENT=2 DEFAULT CHARSET=utf8;

--
-- Déchargement des données de la table `website_diver`
--

INSERT INTO `website_diver` (`id`, `nom`, `data`) VALUES
(1, 'num_tel', 'test');
COMMIT;

/*!40101 SET CHARACTER_SET_CLIENT=@OLD_CHARACTER_SET_CLIENT */;
/*!40101 SET CHARACTER_SET_RESULTS=@OLD_CHARACTER_SET_RESULTS */;
/*!40101 SET COLLATION_CONNECTION=@OLD_COLLATION_CONNECTION */;
